film,filmLabel,image,director,producer,actor,writer,release_date,budget,box_office_revenue,prénom,prénomLabel,nom_de_naissance
http://www.wikidata.org/entity/Q28561715,Comme des bêtes 2,http://commons.wikimedia.org/wiki/Special:FilePath/RZ%20Theatre%20Cinq%201%E3%83%BB2%E3%83%BB3%202019-07%20%288%29.jpg,http://www.wikidata.org/entity/Q351884,http://www.wikidata.org/entity/Q43371,http://www.wikidata.org/entity/Q15079,http://www.wikidata.org/entity/Q4964545,2019-05-24T00:00:00Z,80000000,10381136,,,Louis Alfred Székely
http://www.wikidata.org/entity/Q28561715,Comme des bêtes 2,http://commons.wikimedia.org/wiki/Special:FilePath/RZ%20Theatre%20Cinq%201%E3%83%BB2%E3%83%BB3%202019-07%20%288%29.jpg,http://www.wikidata.org/entity/Q351884,http://www.wikidata.org/entity/Q43371,http://www.wikidata.org/entity/Q618352,http://www.wikidata.org/entity/Q4964545,2019-06-27T00:00:00Z,80000000,10381136,,,Kevin Darnell Hart
http://www.wikidata.org/entity/Q28561715,Comme des bêtes 2,http://commons.wikimedia.org/wiki/Special:FilePath/RZ%20Theatre%20Cinq%201%E3%83%BB2%E3%83%BB3%202019-07%20%288%29.jpg,http://www.wikidata.org/entity/Q351884,http://www.wikidata.org/entity/Q43371,http://www.wikidata.org/entity/Q618352,http://www.wikidata.org/entity/Q4964545,2019-06-07T00:00:00Z,80000000,10381136,,,Kevin Darnell Hart
http://www.wikidata.org/entity/Q28561715,Comme des bêtes 2,http://commons.wikimedia.org/wiki/Special:FilePath/RZ%20Theatre%20Cinq%201%E3%83%BB2%E3%83%BB3%202019-07%20%288%29.jpg,http://www.wikidata.org/entity/Q351884,http://www.wikidata.org/entity/Q43371,http://www.wikidata.org/entity/Q241686,http://www.wikidata.org/entity/Q4964545,2019-07-03T00:00:00Z,80000000,10381136,,,Lake Siegel Bell
http://www.wikidata.org/entity/Q28561715,Comme des bêtes 2,http://commons.wikimedia.org/wiki/Special:FilePath/RZ%20Theatre%20Cinq%201%E3%83%BB2%E3%83%BB3%202019-07%20%288%29.jpg,http://www.wikidata.org/entity/Q351884,http://www.wikidata.org/entity/Q43371,http://www.wikidata.org/entity/Q241686,http://www.wikidata.org/entity/Q4964545,2019-06-28T00:00:00Z,80000000,10381136,,,Lake Siegel Bell
http://www.wikidata.org/entity/Q28561715,Comme des bêtes 2,http://commons.wikimedia.org/wiki/Special:FilePath/RZ%20Theatre%20Cinq%201%E3%83%BB2%E3%83%BB3%202019-07%20%288%29.jpg,http://www.wikidata.org/entity/Q351884,http://www.wikidata.org/entity/Q43371,http://www.wikidata.org/entity/Q241686,http://www.wikidata.org/entity/Q4964545,2019-06-13T00:00:00Z,80000000,10381136,,,Lake Siegel Bell
http://www.wikidata.org/entity/Q28561715,Comme des bêtes 2,http://commons.wikimedia.org/wiki/Special:FilePath/RZ%20Theatre%20Cinq%201%E3%83%BB2%E3%83%BB3%202019-07%20%288%29.jpg,http://www.wikidata.org/entity/Q351884,http://www.wikidata.org/entity/Q43371,http://www.wikidata.org/entity/Q241686,http://www.wikidata.org/entity/Q4964545,2019-05-24T00:00:00Z,80000000,10381136,,,Lake Siegel Bell
http://www.wikidata.org/entity/Q28561715,Comme des bêtes 2,http://commons.wikimedia.org/wiki/Special:FilePath/RZ%20Theatre%20Cinq%201%E3%83%BB2%E3%83%BB3%202019-07%20%288%29.jpg,http://www.wikidata.org/entity/Q351884,http://www.wikidata.org/entity/Q43371,http://www.wikidata.org/entity/Q4241574,http://www.wikidata.org/entity/Q4964545,2019-07-03T00:00:00Z,80000000,10381136,,,Nicholas Kroll
http://www.wikidata.org/entity/Q28561715,Comme des bêtes 2,http://commons.wikimedia.org/wiki/Special:FilePath/RZ%20Theatre%20Cinq%201%E3%83%BB2%E3%83%BB3%202019-07%20%288%29.jpg,http://www.wikidata.org/entity/Q351884,http://www.wikidata.org/entity/Q43371,http://www.wikidata.org/entity/Q4241574,http://www.wikidata.org/entity/Q4964545,2019-06-28T00:00:00Z,80000000,10381136,,,Nicholas Kroll
http://www.wikidata.org/entity/Q28561715,Comme des bêtes 2,http://commons.wikimedia.org/wiki/Special:FilePath/RZ%20Theatre%20Cinq%201%E3%83%BB2%E3%83%BB3%202019-07%20%288%29.jpg,http://www.wikidata.org/entity/Q351884,http://www.wikidata.org/entity/Q43371,http://www.wikidata.org/entity/Q2907990,http://www.wikidata.org/entity/Q4964545,2019-06-20T00:00:00Z,80000000,10381136,,,Robert Michael Moynihan Jr.
http://www.wikidata.org/entity/Q28561715,Comme des bêtes 2,http://commons.wikimedia.org/wiki/Special:FilePath/RZ%20Theatre%20Cinq%201%E3%83%BB2%E3%83%BB3%202019-07%20%288%29.jpg,http://www.wikidata.org/entity/Q351884,http://www.wikidata.org/entity/Q43371,http://www.wikidata.org/entity/Q4241574,http://www.wikidata.org/entity/Q4964545,2019-06-13T00:00:00Z,80000000,10381136,,,Nicholas Kroll
http://www.wikidata.org/entity/Q28561715,Comme des bêtes 2,http://commons.wikimedia.org/wiki/Special:FilePath/RZ%20Theatre%20Cinq%201%E3%83%BB2%E3%83%BB3%202019-07%20%288%29.jpg,http://www.wikidata.org/entity/Q351884,http://www.wikidata.org/entity/Q43371,http://www.wikidata.org/entity/Q2907990,http://www.wikidata.org/entity/Q4964545,2019-06-05T00:00:00Z,80000000,10381136,,,Robert Michael Moynihan Jr.
http://www.wikidata.org/entity/Q28561715,Comme des bêtes 2,http://commons.wikimedia.org/wiki/Special:FilePath/RZ%20Theatre%20Cinq%201%E3%83%BB2%E3%83%BB3%202019-07%20%288%29.jpg,http://www.wikidata.org/entity/Q351884,http://www.wikidata.org/entity/Q43371,http://www.wikidata.org/entity/Q2907990,http://www.wikidata.org/entity/Q4964545,2019-05-31T00:00:00Z,80000000,10381136,,,Robert Michael Moynihan Jr.
http://www.wikidata.org/entity/Q28561715,Comme des bêtes 2,http://commons.wikimedia.org/wiki/Special:FilePath/RZ%20Theatre%20Cinq%201%E3%83%BB2%E3%83%BB3%202019-07%20%288%29.jpg,http://www.wikidata.org/entity/Q351884,http://www.wikidata.org/entity/Q43371,http://www.wikidata.org/entity/Q4241574,http://www.wikidata.org/entity/Q4964545,2019-05-24T00:00:00Z,80000000,10381136,,,Nicholas Kroll
http://www.wikidata.org/entity/Q28561715,Comme des bêtes 2,http://commons.wikimedia.org/wiki/Special:FilePath/RZ%20Theatre%20Cinq%201%E3%83%BB2%E3%83%BB3%202019-07%20%288%29.jpg,http://www.wikidata.org/entity/Q351884,http://www.wikidata.org/entity/Q43371,http://www.wikidata.org/entity/Q744166,http://www.wikidata.org/entity/Q4964545,2019-07-03T00:00:00Z,80000000,10381136,,,Jenny Sarah Slate
http://www.wikidata.org/entity/Q28561715,Comme des bêtes 2,http://commons.wikimedia.org/wiki/Special:FilePath/RZ%20Theatre%20Cinq%201%E3%83%BB2%E3%83%BB3%202019-07%20%288%29.jpg,http://www.wikidata.org/entity/Q351884,http://www.wikidata.org/entity/Q43371,http://www.wikidata.org/entity/Q744166,http://www.wikidata.org/entity/Q4964545,2019-06-28T00:00:00Z,80000000,10381136,,,Jenny Sarah Slate
http://www.wikidata.org/entity/Q28561715,Comme des bêtes 2,http://commons.wikimedia.org/wiki/Special:FilePath/RZ%20Theatre%20Cinq%201%E3%83%BB2%E3%83%BB3%202019-07%20%288%29.jpg,http://www.wikidata.org/entity/Q351884,http://www.wikidata.org/entity/Q43371,http://www.wikidata.org/entity/Q11835264,http://www.wikidata.org/entity/Q4964545,2019-06-20T00:00:00Z,80000000,10381136,,,Tiffany Sara Cornilia Haddish
http://www.wikidata.org/entity/Q28561715,Comme des bêtes 2,http://commons.wikimedia.org/wiki/Special:FilePath/RZ%20Theatre%20Cinq%201%E3%83%BB2%E3%83%BB3%202019-07%20%288%29.jpg,http://www.wikidata.org/entity/Q351884,http://www.wikidata.org/entity/Q43371,http://www.wikidata.org/entity/Q744166,http://www.wikidata.org/entity/Q4964545,2019-06-13T00:00:00Z,80000000,10381136,,,Jenny Sarah Slate
http://www.wikidata.org/entity/Q28561715,Comme des bêtes 2,http://commons.wikimedia.org/wiki/Special:FilePath/RZ%20Theatre%20Cinq%201%E3%83%BB2%E3%83%BB3%202019-07%20%288%29.jpg,http://www.wikidata.org/entity/Q351884,http://www.wikidata.org/entity/Q43371,http://www.wikidata.org/entity/Q11835264,http://www.wikidata.org/entity/Q4964545,2019-06-05T00:00:00Z,80000000,10381136,,,Tiffany Sara Cornilia Haddish
http://www.wikidata.org/entity/Q28561715,Comme des bêtes 2,http://commons.wikimedia.org/wiki/Special:FilePath/RZ%20Theatre%20Cinq%201%E3%83%BB2%E3%83%BB3%202019-07%20%288%29.jpg,http://www.wikidata.org/entity/Q351884,http://www.wikidata.org/entity/Q43371,http://www.wikidata.org/entity/Q11835264,http://www.wikidata.org/entity/Q4964545,2019-05-31T00:00:00Z,80000000,10381136,,,Tiffany Sara Cornilia Haddish
http://www.wikidata.org/entity/Q28561715,Comme des bêtes 2,http://commons.wikimedia.org/wiki/Special:FilePath/RZ%20Theatre%20Cinq%201%E3%83%BB2%E3%83%BB3%202019-07%20%288%29.jpg,http://www.wikidata.org/entity/Q351884,http://www.wikidata.org/entity/Q43371,http://www.wikidata.org/entity/Q744166,http://www.wikidata.org/entity/Q4964545,2019-05-24T00:00:00Z,80000000,10381136,,,Jenny Sarah Slate
http://www.wikidata.org/entity/Q28561715,Comme des bêtes 2,http://commons.wikimedia.org/wiki/Special:FilePath/RZ%20Theatre%20Cinq%201%E3%83%BB2%E3%83%BB3%202019-07%20%288%29.jpg,http://www.wikidata.org/entity/Q351884,http://www.wikidata.org/entity/Q43371,http://www.wikidata.org/entity/Q15079,http://www.wikidata.org/entity/Q4964545,2019-07-05T00:00:00Z,80000000,10381136,,,Louis Alfred Székely
http://www.wikidata.org/entity/Q28561715,Comme des bêtes 2,http://commons.wikimedia.org/wiki/Special:FilePath/RZ%20Theatre%20Cinq%201%E3%83%BB2%E3%83%BB3%202019-07%20%288%29.jpg,http://www.wikidata.org/entity/Q351884,http://www.wikidata.org/entity/Q43371,http://www.wikidata.org/entity/Q15079,http://www.wikidata.org/entity/Q4964545,2019-06-20T00:00:00Z,80000000,10381136,,,Louis Alfred Székely
http://www.wikidata.org/entity/Q28561715,Comme des bêtes 2,http://commons.wikimedia.org/wiki/Special:FilePath/RZ%20Theatre%20Cinq%201%E3%83%BB2%E3%83%BB3%202019-07%20%288%29.jpg,http://www.wikidata.org/entity/Q351884,http://www.wikidata.org/entity/Q43371,http://www.wikidata.org/entity/Q15079,http://www.wikidata.org/entity/Q4964545,2019-06-05T00:00:00Z,80000000,10381136,,,Louis Alfred Székely
http://www.wikidata.org/entity/Q28561715,Comme des bêtes 2,http://commons.wikimedia.org/wiki/Special:FilePath/RZ%20Theatre%20Cinq%201%E3%83%BB2%E3%83%BB3%202019-07%20%288%29.jpg,http://www.wikidata.org/entity/Q351884,http://www.wikidata.org/entity/Q43371,http://www.wikidata.org/entity/Q15079,http://www.wikidata.org/entity/Q4964545,2019-05-31T00:00:00Z,80000000,10381136,,,Louis Alfred Székely
http://www.wikidata.org/entity/Q28561715,Comme des bêtes 2,http://commons.wikimedia.org/wiki/Special:FilePath/RZ%20Theatre%20Cinq%201%E3%83%BB2%E3%83%BB3%202019-07%20%288%29.jpg,http://www.wikidata.org/entity/Q351884,http://www.wikidata.org/entity/Q43371,http://www.wikidata.org/entity/Q618352,http://www.wikidata.org/entity/Q4964545,2019-07-04T00:00:00Z,80000000,10381136,,,Kevin Darnell Hart
http://www.wikidata.org/entity/Q28561715,Comme des bêtes 2,http://commons.wikimedia.org/wiki/Special:FilePath/RZ%20Theatre%20Cinq%201%E3%83%BB2%E3%83%BB3%202019-07%20%288%29.jpg,http://www.wikidata.org/entity/Q351884,http://www.wikidata.org/entity/Q43371,http://www.wikidata.org/entity/Q618352,http://www.wikidata.org/entity/Q4964545,2019-06-14T00:00:00Z,80000000,10381136,,,Kevin Darnell Hart
http://www.wikidata.org/entity/Q28561715,Comme des bêtes 2,http://commons.wikimedia.org/wiki/Special:FilePath/RZ%20Theatre%20Cinq%201%E3%83%BB2%E3%83%BB3%202019-07%20%288%29.jpg,http://www.wikidata.org/entity/Q351884,http://www.wikidata.org/entity/Q43371,http://www.wikidata.org/entity/Q241686,http://www.wikidata.org/entity/Q4964545,2019-07-05T00:00:00Z,80000000,10381136,,,Lake Siegel Bell
http://www.wikidata.org/entity/Q28561715,Comme des bêtes 2,http://commons.wikimedia.org/wiki/Special:FilePath/RZ%20Theatre%20Cinq%201%E3%83%BB2%E3%83%BB3%202019-07%20%288%29.jpg,http://www.wikidata.org/entity/Q351884,http://www.wikidata.org/entity/Q43371,http://www.wikidata.org/entity/Q618352,http://www.wikidata.org/entity/Q4964545,2019-05-30T00:00:00Z,80000000,10381136,,,Kevin Darnell Hart
http://www.wikidata.org/entity/Q28561715,Comme des bêtes 2,http://commons.wikimedia.org/wiki/Special:FilePath/RZ%20Theatre%20Cinq%201%E3%83%BB2%E3%83%BB3%202019-07%20%288%29.jpg,http://www.wikidata.org/entity/Q351884,http://www.wikidata.org/entity/Q43371,http://www.wikidata.org/entity/Q241686,http://www.wikidata.org/entity/Q4964545,2019-06-20T00:00:00Z,80000000,10381136,,,Lake Siegel Bell
http://www.wikidata.org/entity/Q28561715,Comme des bêtes 2,http://commons.wikimedia.org/wiki/Special:FilePath/RZ%20Theatre%20Cinq%201%E3%83%BB2%E3%83%BB3%202019-07%20%288%29.jpg,http://www.wikidata.org/entity/Q351884,http://www.wikidata.org/entity/Q43371,http://www.wikidata.org/entity/Q241686,http://www.wikidata.org/entity/Q4964545,2019-06-05T00:00:00Z,80000000,10381136,,,Lake Siegel Bell
http://www.wikidata.org/entity/Q28561715,Comme des bêtes 2,http://commons.wikimedia.org/wiki/Special:FilePath/RZ%20Theatre%20Cinq%201%E3%83%BB2%E3%83%BB3%202019-07%20%288%29.jpg,http://www.wikidata.org/entity/Q351884,http://www.wikidata.org/entity/Q43371,http://www.wikidata.org/entity/Q241686,http://www.wikidata.org/entity/Q4964545,2019-05-31T00:00:00Z,80000000,10381136,,,Lake Siegel Bell
http://www.wikidata.org/entity/Q28561715,Comme des bêtes 2,http://commons.wikimedia.org/wiki/Special:FilePath/RZ%20Theatre%20Cinq%201%E3%83%BB2%E3%83%BB3%202019-07%20%288%29.jpg,http://www.wikidata.org/entity/Q351884,http://www.wikidata.org/entity/Q43371,http://www.wikidata.org/entity/Q2907990,http://www.wikidata.org/entity/Q4964545,2019-06-27T00:00:00Z,80000000,10381136,,,Robert Michael Moynihan Jr.
http://www.wikidata.org/entity/Q28561715,Comme des bêtes 2,http://commons.wikimedia.org/wiki/Special:FilePath/RZ%20Theatre%20Cinq%201%E3%83%BB2%E3%83%BB3%202019-07%20%288%29.jpg,http://www.wikidata.org/entity/Q351884,http://www.wikidata.org/entity/Q43371,http://www.wikidata.org/entity/Q4241574,http://www.wikidata.org/entity/Q4964545,2019-06-20T00:00:00Z,80000000,10381136,,,Nicholas Kroll
http://www.wikidata.org/entity/Q28561715,Comme des bêtes 2,http://commons.wikimedia.org/wiki/Special:FilePath/RZ%20Theatre%20Cinq%201%E3%83%BB2%E3%83%BB3%202019-07%20%288%29.jpg,http://www.wikidata.org/entity/Q351884,http://www.wikidata.org/entity/Q43371,http://www.wikidata.org/entity/Q4241574,http://www.wikidata.org/entity/Q4964545,2019-06-05T00:00:00Z,80000000,10381136,,,Nicholas Kroll
http://www.wikidata.org/entity/Q28561715,Comme des bêtes 2,http://commons.wikimedia.org/wiki/Special:FilePath/RZ%20Theatre%20Cinq%201%E3%83%BB2%E3%83%BB3%202019-07%20%288%29.jpg,http://www.wikidata.org/entity/Q351884,http://www.wikidata.org/entity/Q43371,http://www.wikidata.org/entity/Q2907990,http://www.wikidata.org/entity/Q4964545,2019-06-07T00:00:00Z,80000000,10381136,,,Robert Michael Moynihan Jr.
http://www.wikidata.org/entity/Q28561715,Comme des bêtes 2,http://commons.wikimedia.org/wiki/Special:FilePath/RZ%20Theatre%20Cinq%201%E3%83%BB2%E3%83%BB3%202019-07%20%288%29.jpg,http://www.wikidata.org/entity/Q351884,http://www.wikidata.org/entity/Q43371,http://www.wikidata.org/entity/Q4241574,http://www.wikidata.org/entity/Q4964545,2019-05-31T00:00:00Z,80000000,10381136,,,Nicholas Kroll
http://www.wikidata.org/entity/Q28561715,Comme des bêtes 2,http://commons.wikimedia.org/wiki/Special:FilePath/RZ%20Theatre%20Cinq%201%E3%83%BB2%E3%83%BB3%202019-07%20%288%29.jpg,http://www.wikidata.org/entity/Q351884,http://www.wikidata.org/entity/Q43371,http://www.wikidata.org/entity/Q11835264,http://www.wikidata.org/entity/Q4964545,2019-06-27T00:00:00Z,80000000,10381136,,,Tiffany Sara Cornilia Haddish
http://www.wikidata.org/entity/Q28561715,Comme des bêtes 2,http://commons.wikimedia.org/wiki/Special:FilePath/RZ%20Theatre%20Cinq%201%E3%83%BB2%E3%83%BB3%202019-07%20%288%29.jpg,http://www.wikidata.org/entity/Q351884,http://www.wikidata.org/entity/Q43371,http://www.wikidata.org/entity/Q744166,http://www.wikidata.org/entity/Q4964545,2019-06-20T00:00:00Z,80000000,10381136,,,Jenny Sarah Slate
http://www.wikidata.org/entity/Q28561715,Comme des bêtes 2,http://commons.wikimedia.org/wiki/Special:FilePath/RZ%20Theatre%20Cinq%201%E3%83%BB2%E3%83%BB3%202019-07%20%288%29.jpg,http://www.wikidata.org/entity/Q351884,http://www.wikidata.org/entity/Q43371,http://www.wikidata.org/entity/Q744166,http://www.wikidata.org/entity/Q4964545,2019-06-05T00:00:00Z,80000000,10381136,,,Jenny Sarah Slate
http://www.wikidata.org/entity/Q28561715,Comme des bêtes 2,http://commons.wikimedia.org/wiki/Special:FilePath/RZ%20Theatre%20Cinq%201%E3%83%BB2%E3%83%BB3%202019-07%20%288%29.jpg,http://www.wikidata.org/entity/Q351884,http://www.wikidata.org/entity/Q43371,http://www.wikidata.org/entity/Q11835264,http://www.wikidata.org/entity/Q4964545,2019-06-07T00:00:00Z,80000000,10381136,,,Tiffany Sara Cornilia Haddish
http://www.wikidata.org/entity/Q28561715,Comme des bêtes 2,http://commons.wikimedia.org/wiki/Special:FilePath/RZ%20Theatre%20Cinq%201%E3%83%BB2%E3%83%BB3%202019-07%20%288%29.jpg,http://www.wikidata.org/entity/Q351884,http://www.wikidata.org/entity/Q43371,http://www.wikidata.org/entity/Q744166,http://www.wikidata.org/entity/Q4964545,2019-05-31T00:00:00Z,80000000,10381136,,,Jenny Sarah Slate
http://www.wikidata.org/entity/Q28561715,Comme des bêtes 2,http://commons.wikimedia.org/wiki/Special:FilePath/RZ%20Theatre%20Cinq%201%E3%83%BB2%E3%83%BB3%202019-07%20%288%29.jpg,http://www.wikidata.org/entity/Q351884,http://www.wikidata.org/entity/Q43371,http://www.wikidata.org/entity/Q15079,http://www.wikidata.org/entity/Q4964545,2019-06-27T00:00:00Z,80000000,10381136,,,Louis Alfred Székely
http://www.wikidata.org/entity/Q28561715,Comme des bêtes 2,http://commons.wikimedia.org/wiki/Special:FilePath/RZ%20Theatre%20Cinq%201%E3%83%BB2%E3%83%BB3%202019-07%20%288%29.jpg,http://www.wikidata.org/entity/Q351884,http://www.wikidata.org/entity/Q43371,http://www.wikidata.org/entity/Q15079,http://www.wikidata.org/entity/Q4964545,2019-06-07T00:00:00Z,80000000,10381136,,,Louis Alfred Székely
http://www.wikidata.org/entity/Q28561715,Comme des bêtes 2,http://commons.wikimedia.org/wiki/Special:FilePath/RZ%20Theatre%20Cinq%201%E3%83%BB2%E3%83%BB3%202019-07%20%288%29.jpg,http://www.wikidata.org/entity/Q351884,http://www.wikidata.org/entity/Q43371,http://www.wikidata.org/entity/Q618352,http://www.wikidata.org/entity/Q4964545,2019-06-21T00:00:00Z,80000000,10381136,,,Kevin Darnell Hart
http://www.wikidata.org/entity/Q28561715,Comme des bêtes 2,http://commons.wikimedia.org/wiki/Special:FilePath/RZ%20Theatre%20Cinq%201%E3%83%BB2%E3%83%BB3%202019-07%20%288%29.jpg,http://www.wikidata.org/entity/Q351884,http://www.wikidata.org/entity/Q43371,http://www.wikidata.org/entity/Q618352,http://www.wikidata.org/entity/Q4964545,2019-06-06T00:00:00Z,80000000,10381136,,,Kevin Darnell Hart
http://www.wikidata.org/entity/Q28561715,Comme des bêtes 2,http://commons.wikimedia.org/wiki/Special:FilePath/RZ%20Theatre%20Cinq%201%E3%83%BB2%E3%83%BB3%202019-07%20%288%29.jpg,http://www.wikidata.org/entity/Q351884,http://www.wikidata.org/entity/Q43371,http://www.wikidata.org/entity/Q241686,http://www.wikidata.org/entity/Q4964545,2019-06-27T00:00:00Z,80000000,10381136,,,Lake Siegel Bell
http://www.wikidata.org/entity/Q28561715,Comme des bêtes 2,http://commons.wikimedia.org/wiki/Special:FilePath/RZ%20Theatre%20Cinq%201%E3%83%BB2%E3%83%BB3%202019-07%20%288%29.jpg,http://www.wikidata.org/entity/Q351884,http://www.wikidata.org/entity/Q43371,http://www.wikidata.org/entity/Q241686,http://www.wikidata.org/entity/Q4964545,2019-06-07T00:00:00Z,80000000,10381136,,,Lake Siegel Bell
http://www.wikidata.org/entity/Q28561715,Comme des bêtes 2,http://commons.wikimedia.org/wiki/Special:FilePath/RZ%20Theatre%20Cinq%201%E3%83%BB2%E3%83%BB3%202019-07%20%288%29.jpg,http://www.wikidata.org/entity/Q351884,http://www.wikidata.org/entity/Q43371,http://www.wikidata.org/entity/Q2907990,http://www.wikidata.org/entity/Q4964545,2019-07-04T00:00:00Z,80000000,10381136,,,Robert Michael Moynihan Jr.
http://www.wikidata.org/entity/Q28561715,Comme des bêtes 2,http://commons.wikimedia.org/wiki/Special:FilePath/RZ%20Theatre%20Cinq%201%E3%83%BB2%E3%83%BB3%202019-07%20%288%29.jpg,http://www.wikidata.org/entity/Q351884,http://www.wikidata.org/entity/Q43371,http://www.wikidata.org/entity/Q4241574,http://www.wikidata.org/entity/Q4964545,2019-06-27T00:00:00Z,80000000,10381136,,,Nicholas Kroll
http://www.wikidata.org/entity/Q28561715,Comme des bêtes 2,http://commons.wikimedia.org/wiki/Special:FilePath/RZ%20Theatre%20Cinq%201%E3%83%BB2%E3%83%BB3%202019-07%20%288%29.jpg,http://www.wikidata.org/entity/Q351884,http://www.wikidata.org/entity/Q43371,http://www.wikidata.org/entity/Q2907990,http://www.wikidata.org/entity/Q4964545,2019-06-14T00:00:00Z,80000000,10381136,,,Robert Michael Moynihan Jr.
http://www.wikidata.org/entity/Q28561715,Comme des bêtes 2,http://commons.wikimedia.org/wiki/Special:FilePath/RZ%20Theatre%20Cinq%201%E3%83%BB2%E3%83%BB3%202019-07%20%288%29.jpg,http://www.wikidata.org/entity/Q351884,http://www.wikidata.org/entity/Q43371,http://www.wikidata.org/entity/Q4241574,http://www.wikidata.org/entity/Q4964545,2019-06-07T00:00:00Z,80000000,10381136,,,Nicholas Kroll
http://www.wikidata.org/entity/Q28561715,Comme des bêtes 2,http://commons.wikimedia.org/wiki/Special:FilePath/RZ%20Theatre%20Cinq%201%E3%83%BB2%E3%83%BB3%202019-07%20%288%29.jpg,http://www.wikidata.org/entity/Q351884,http://www.wikidata.org/entity/Q43371,http://www.wikidata.org/entity/Q2907990,http://www.wikidata.org/entity/Q4964545,2019-05-30T00:00:00Z,80000000,10381136,,,Robert Michael Moynihan Jr.
http://www.wikidata.org/entity/Q28561715,Comme des bêtes 2,http://commons.wikimedia.org/wiki/Special:FilePath/RZ%20Theatre%20Cinq%201%E3%83%BB2%E3%83%BB3%202019-07%20%288%29.jpg,http://www.wikidata.org/entity/Q351884,http://www.wikidata.org/entity/Q43371,http://www.wikidata.org/entity/Q11835264,http://www.wikidata.org/entity/Q4964545,2019-07-04T00:00:00Z,80000000,10381136,,,Tiffany Sara Cornilia Haddish
http://www.wikidata.org/entity/Q28561715,Comme des bêtes 2,http://commons.wikimedia.org/wiki/Special:FilePath/RZ%20Theatre%20Cinq%201%E3%83%BB2%E3%83%BB3%202019-07%20%288%29.jpg,http://www.wikidata.org/entity/Q351884,http://www.wikidata.org/entity/Q43371,http://www.wikidata.org/entity/Q744166,http://www.wikidata.org/entity/Q4964545,2019-06-27T00:00:00Z,80000000,10381136,,,Jenny Sarah Slate
http://www.wikidata.org/entity/Q28561715,Comme des bêtes 2,http://commons.wikimedia.org/wiki/Special:FilePath/RZ%20Theatre%20Cinq%201%E3%83%BB2%E3%83%BB3%202019-07%20%288%29.jpg,http://www.wikidata.org/entity/Q351884,http://www.wikidata.org/entity/Q43371,http://www.wikidata.org/entity/Q11835264,http://www.wikidata.org/entity/Q4964545,2019-06-14T00:00:00Z,80000000,10381136,,,Tiffany Sara Cornilia Haddish
http://www.wikidata.org/entity/Q28561715,Comme des bêtes 2,http://commons.wikimedia.org/wiki/Special:FilePath/RZ%20Theatre%20Cinq%201%E3%83%BB2%E3%83%BB3%202019-07%20%288%29.jpg,http://www.wikidata.org/entity/Q351884,http://www.wikidata.org/entity/Q43371,http://www.wikidata.org/entity/Q744166,http://www.wikidata.org/entity/Q4964545,2019-06-07T00:00:00Z,80000000,10381136,,,Jenny Sarah Slate
http://www.wikidata.org/entity/Q28561715,Comme des bêtes 2,http://commons.wikimedia.org/wiki/Special:FilePath/RZ%20Theatre%20Cinq%201%E3%83%BB2%E3%83%BB3%202019-07%20%288%29.jpg,http://www.wikidata.org/entity/Q351884,http://www.wikidata.org/entity/Q43371,http://www.wikidata.org/entity/Q11835264,http://www.wikidata.org/entity/Q4964545,2019-05-30T00:00:00Z,80000000,10381136,,,Tiffany Sara Cornilia Haddish
http://www.wikidata.org/entity/Q28561715,Comme des bêtes 2,http://commons.wikimedia.org/wiki/Special:FilePath/RZ%20Theatre%20Cinq%201%E3%83%BB2%E3%83%BB3%202019-07%20%288%29.jpg,http://www.wikidata.org/entity/Q351884,http://www.wikidata.org/entity/Q43371,http://www.wikidata.org/entity/Q15079,http://www.wikidata.org/entity/Q4964545,2019-07-04T00:00:00Z,80000000,10381136,,,Louis Alfred Székely
http://www.wikidata.org/entity/Q28561715,Comme des bêtes 2,http://commons.wikimedia.org/wiki/Special:FilePath/RZ%20Theatre%20Cinq%201%E3%83%BB2%E3%83%BB3%202019-07%20%288%29.jpg,http://www.wikidata.org/entity/Q351884,http://www.wikidata.org/entity/Q43371,http://www.wikidata.org/entity/Q15079,http://www.wikidata.org/entity/Q4964545,2019-06-14T00:00:00Z,80000000,10381136,,,Louis Alfred Székely
http://www.wikidata.org/entity/Q28561715,Comme des bêtes 2,http://commons.wikimedia.org/wiki/Special:FilePath/RZ%20Theatre%20Cinq%201%E3%83%BB2%E3%83%BB3%202019-07%20%288%29.jpg,http://www.wikidata.org/entity/Q351884,http://www.wikidata.org/entity/Q43371,http://www.wikidata.org/entity/Q15079,http://www.wikidata.org/entity/Q4964545,2019-05-30T00:00:00Z,80000000,10381136,,,Louis Alfred Székely
http://www.wikidata.org/entity/Q28561715,Comme des bêtes 2,http://commons.wikimedia.org/wiki/Special:FilePath/RZ%20Theatre%20Cinq%201%E3%83%BB2%E3%83%BB3%202019-07%20%288%29.jpg,http://www.wikidata.org/entity/Q351884,http://www.wikidata.org/entity/Q43371,http://www.wikidata.org/entity/Q618352,http://www.wikidata.org/entity/Q4964545,2019-07-03T00:00:00Z,80000000,10381136,,,Kevin Darnell Hart
http://www.wikidata.org/entity/Q28561715,Comme des bêtes 2,http://commons.wikimedia.org/wiki/Special:FilePath/RZ%20Theatre%20Cinq%201%E3%83%BB2%E3%83%BB3%202019-07%20%288%29.jpg,http://www.wikidata.org/entity/Q351884,http://www.wikidata.org/entity/Q43371,http://www.wikidata.org/entity/Q618352,http://www.wikidata.org/entity/Q4964545,2019-06-28T00:00:00Z,80000000,10381136,,,Kevin Darnell Hart
http://www.wikidata.org/entity/Q28561715,Comme des bêtes 2,http://commons.wikimedia.org/wiki/Special:FilePath/RZ%20Theatre%20Cinq%201%E3%83%BB2%E3%83%BB3%202019-07%20%288%29.jpg,http://www.wikidata.org/entity/Q351884,http://www.wikidata.org/entity/Q43371,http://www.wikidata.org/entity/Q618352,http://www.wikidata.org/entity/Q4964545,2019-06-13T00:00:00Z,80000000,10381136,,,Kevin Darnell Hart
http://www.wikidata.org/entity/Q28561715,Comme des bêtes 2,http://commons.wikimedia.org/wiki/Special:FilePath/RZ%20Theatre%20Cinq%201%E3%83%BB2%E3%83%BB3%202019-07%20%288%29.jpg,http://www.wikidata.org/entity/Q351884,http://www.wikidata.org/entity/Q43371,http://www.wikidata.org/entity/Q241686,http://www.wikidata.org/entity/Q4964545,2019-07-04T00:00:00Z,80000000,10381136,,,Lake Siegel Bell
http://www.wikidata.org/entity/Q28561715,Comme des bêtes 2,http://commons.wikimedia.org/wiki/Special:FilePath/RZ%20Theatre%20Cinq%201%E3%83%BB2%E3%83%BB3%202019-07%20%288%29.jpg,http://www.wikidata.org/entity/Q351884,http://www.wikidata.org/entity/Q43371,http://www.wikidata.org/entity/Q618352,http://www.wikidata.org/entity/Q4964545,2019-05-24T00:00:00Z,80000000,10381136,,,Kevin Darnell Hart
http://www.wikidata.org/entity/Q28561715,Comme des bêtes 2,http://commons.wikimedia.org/wiki/Special:FilePath/RZ%20Theatre%20Cinq%201%E3%83%BB2%E3%83%BB3%202019-07%20%288%29.jpg,http://www.wikidata.org/entity/Q351884,http://www.wikidata.org/entity/Q43371,http://www.wikidata.org/entity/Q241686,http://www.wikidata.org/entity/Q4964545,2019-06-14T00:00:00Z,80000000,10381136,,,Lake Siegel Bell
http://www.wikidata.org/entity/Q28561715,Comme des bêtes 2,http://commons.wikimedia.org/wiki/Special:FilePath/RZ%20Theatre%20Cinq%201%E3%83%BB2%E3%83%BB3%202019-07%20%288%29.jpg,http://www.wikidata.org/entity/Q351884,http://www.wikidata.org/entity/Q43371,http://www.wikidata.org/entity/Q241686,http://www.wikidata.org/entity/Q4964545,2019-05-30T00:00:00Z,80000000,10381136,,,Lake Siegel Bell
http://www.wikidata.org/entity/Q28561715,Comme des bêtes 2,http://commons.wikimedia.org/wiki/Special:FilePath/RZ%20Theatre%20Cinq%201%E3%83%BB2%E3%83%BB3%202019-07%20%288%29.jpg,http://www.wikidata.org/entity/Q351884,http://www.wikidata.org/entity/Q43371,http://www.wikidata.org/entity/Q4241574,http://www.wikidata.org/entity/Q4964545,2019-07-04T00:00:00Z,80000000,10381136,,,Nicholas Kroll
http://www.wikidata.org/entity/Q28561715,Comme des bêtes 2,http://commons.wikimedia.org/wiki/Special:FilePath/RZ%20Theatre%20Cinq%201%E3%83%BB2%E3%83%BB3%202019-07%20%288%29.jpg,http://www.wikidata.org/entity/Q351884,http://www.wikidata.org/entity/Q43371,http://www.wikidata.org/entity/Q2907990,http://www.wikidata.org/entity/Q4964545,2019-06-21T00:00:00Z,80000000,10381136,,,Robert Michael Moynihan Jr.
http://www.wikidata.org/entity/Q28561715,Comme des bêtes 2,http://commons.wikimedia.org/wiki/Special:FilePath/RZ%20Theatre%20Cinq%201%E3%83%BB2%E3%83%BB3%202019-07%20%288%29.jpg,http://www.wikidata.org/entity/Q351884,http://www.wikidata.org/entity/Q43371,http://www.wikidata.org/entity/Q4241574,http://www.wikidata.org/entity/Q4964545,2019-06-14T00:00:00Z,80000000,10381136,,,Nicholas Kroll
http://www.wikidata.org/entity/Q28561715,Comme des bêtes 2,http://commons.wikimedia.org/wiki/Special:FilePath/RZ%20Theatre%20Cinq%201%E3%83%BB2%E3%83%BB3%202019-07%20%288%29.jpg,http://www.wikidata.org/entity/Q351884,http://www.wikidata.org/entity/Q43371,http://www.wikidata.org/entity/Q2907990,http://www.wikidata.org/entity/Q4964545,2019-06-06T00:00:00Z,80000000,10381136,,,Robert Michael Moynihan Jr.
http://www.wikidata.org/entity/Q28561715,Comme des bêtes 2,http://commons.wikimedia.org/wiki/Special:FilePath/RZ%20Theatre%20Cinq%201%E3%83%BB2%E3%83%BB3%202019-07%20%288%29.jpg,http://www.wikidata.org/entity/Q351884,http://www.wikidata.org/entity/Q43371,http://www.wikidata.org/entity/Q4241574,http://www.wikidata.org/entity/Q4964545,2019-05-30T00:00:00Z,80000000,10381136,,,Nicholas Kroll
http://www.wikidata.org/entity/Q28561715,Comme des bêtes 2,http://commons.wikimedia.org/wiki/Special:FilePath/RZ%20Theatre%20Cinq%201%E3%83%BB2%E3%83%BB3%202019-07%20%288%29.jpg,http://www.wikidata.org/entity/Q351884,http://www.wikidata.org/entity/Q43371,http://www.wikidata.org/entity/Q744166,http://www.wikidata.org/entity/Q4964545,2019-07-04T00:00:00Z,80000000,10381136,,,Jenny Sarah Slate
http://www.wikidata.org/entity/Q28561715,Comme des bêtes 2,http://commons.wikimedia.org/wiki/Special:FilePath/RZ%20Theatre%20Cinq%201%E3%83%BB2%E3%83%BB3%202019-07%20%288%29.jpg,http://www.wikidata.org/entity/Q351884,http://www.wikidata.org/entity/Q43371,http://www.wikidata.org/entity/Q11835264,http://www.wikidata.org/entity/Q4964545,2019-06-21T00:00:00Z,80000000,10381136,,,Tiffany Sara Cornilia Haddish
http://www.wikidata.org/entity/Q28561715,Comme des bêtes 2,http://commons.wikimedia.org/wiki/Special:FilePath/RZ%20Theatre%20Cinq%201%E3%83%BB2%E3%83%BB3%202019-07%20%288%29.jpg,http://www.wikidata.org/entity/Q351884,http://www.wikidata.org/entity/Q43371,http://www.wikidata.org/entity/Q744166,http://www.wikidata.org/entity/Q4964545,2019-06-14T00:00:00Z,80000000,10381136,,,Jenny Sarah Slate
http://www.wikidata.org/entity/Q28561715,Comme des bêtes 2,http://commons.wikimedia.org/wiki/Special:FilePath/RZ%20Theatre%20Cinq%201%E3%83%BB2%E3%83%BB3%202019-07%20%288%29.jpg,http://www.wikidata.org/entity/Q351884,http://www.wikidata.org/entity/Q43371,http://www.wikidata.org/entity/Q11835264,http://www.wikidata.org/entity/Q4964545,2019-06-06T00:00:00Z,80000000,10381136,,,Tiffany Sara Cornilia Haddish
http://www.wikidata.org/entity/Q28561715,Comme des bêtes 2,http://commons.wikimedia.org/wiki/Special:FilePath/RZ%20Theatre%20Cinq%201%E3%83%BB2%E3%83%BB3%202019-07%20%288%29.jpg,http://www.wikidata.org/entity/Q351884,http://www.wikidata.org/entity/Q43371,http://www.wikidata.org/entity/Q744166,http://www.wikidata.org/entity/Q4964545,2019-05-30T00:00:00Z,80000000,10381136,,,Jenny Sarah Slate
http://www.wikidata.org/entity/Q28561715,Comme des bêtes 2,http://commons.wikimedia.org/wiki/Special:FilePath/RZ%20Theatre%20Cinq%201%E3%83%BB2%E3%83%BB3%202019-07%20%288%29.jpg,http://www.wikidata.org/entity/Q351884,http://www.wikidata.org/entity/Q43371,http://www.wikidata.org/entity/Q15079,http://www.wikidata.org/entity/Q4964545,2019-06-21T00:00:00Z,80000000,10381136,,,Louis Alfred Székely
http://www.wikidata.org/entity/Q28561715,Comme des bêtes 2,http://commons.wikimedia.org/wiki/Special:FilePath/RZ%20Theatre%20Cinq%201%E3%83%BB2%E3%83%BB3%202019-07%20%288%29.jpg,http://www.wikidata.org/entity/Q351884,http://www.wikidata.org/entity/Q43371,http://www.wikidata.org/entity/Q15079,http://www.wikidata.org/entity/Q4964545,2019-06-06T00:00:00Z,80000000,10381136,,,Louis Alfred Székely
http://www.wikidata.org/entity/Q28561715,Comme des bêtes 2,http://commons.wikimedia.org/wiki/Special:FilePath/RZ%20Theatre%20Cinq%201%E3%83%BB2%E3%83%BB3%202019-07%20%288%29.jpg,http://www.wikidata.org/entity/Q351884,http://www.wikidata.org/entity/Q43371,http://www.wikidata.org/entity/Q618352,http://www.wikidata.org/entity/Q4964545,2019-06-20T00:00:00Z,80000000,10381136,,,Kevin Darnell Hart
http://www.wikidata.org/entity/Q28561715,Comme des bêtes 2,http://commons.wikimedia.org/wiki/Special:FilePath/RZ%20Theatre%20Cinq%201%E3%83%BB2%E3%83%BB3%202019-07%20%288%29.jpg,http://www.wikidata.org/entity/Q351884,http://www.wikidata.org/entity/Q43371,http://www.wikidata.org/entity/Q618352,http://www.wikidata.org/entity/Q4964545,2019-06-05T00:00:00Z,80000000,10381136,,,Kevin Darnell Hart
http://www.wikidata.org/entity/Q28561715,Comme des bêtes 2,http://commons.wikimedia.org/wiki/Special:FilePath/RZ%20Theatre%20Cinq%201%E3%83%BB2%E3%83%BB3%202019-07%20%288%29.jpg,http://www.wikidata.org/entity/Q351884,http://www.wikidata.org/entity/Q43371,http://www.wikidata.org/entity/Q618352,http://www.wikidata.org/entity/Q4964545,2019-05-31T00:00:00Z,80000000,10381136,,,Kevin Darnell Hart
http://www.wikidata.org/entity/Q28561715,Comme des bêtes 2,http://commons.wikimedia.org/wiki/Special:FilePath/RZ%20Theatre%20Cinq%201%E3%83%BB2%E3%83%BB3%202019-07%20%288%29.jpg,http://www.wikidata.org/entity/Q351884,http://www.wikidata.org/entity/Q43371,http://www.wikidata.org/entity/Q241686,http://www.wikidata.org/entity/Q4964545,2019-06-21T00:00:00Z,80000000,10381136,,,Lake Siegel Bell
http://www.wikidata.org/entity/Q28561715,Comme des bêtes 2,http://commons.wikimedia.org/wiki/Special:FilePath/RZ%20Theatre%20Cinq%201%E3%83%BB2%E3%83%BB3%202019-07%20%288%29.jpg,http://www.wikidata.org/entity/Q351884,http://www.wikidata.org/entity/Q43371,http://www.wikidata.org/entity/Q241686,http://www.wikidata.org/entity/Q4964545,2019-06-06T00:00:00Z,80000000,10381136,,,Lake Siegel Bell
http://www.wikidata.org/entity/Q28561715,Comme des bêtes 2,http://commons.wikimedia.org/wiki/Special:FilePath/RZ%20Theatre%20Cinq%201%E3%83%BB2%E3%83%BB3%202019-07%20%288%29.jpg,http://www.wikidata.org/entity/Q351884,http://www.wikidata.org/entity/Q43371,http://www.wikidata.org/entity/Q2907990,http://www.wikidata.org/entity/Q4964545,2019-07-03T00:00:00Z,80000000,10381136,,,Robert Michael Moynihan Jr.
http://www.wikidata.org/entity/Q28561715,Comme des bêtes 2,http://commons.wikimedia.org/wiki/Special:FilePath/RZ%20Theatre%20Cinq%201%E3%83%BB2%E3%83%BB3%202019-07%20%288%29.jpg,http://www.wikidata.org/entity/Q351884,http://www.wikidata.org/entity/Q43371,http://www.wikidata.org/entity/Q2907990,http://www.wikidata.org/entity/Q4964545,2019-06-28T00:00:00Z,80000000,10381136,,,Robert Michael Moynihan Jr.
http://www.wikidata.org/entity/Q28561715,Comme des bêtes 2,http://commons.wikimedia.org/wiki/Special:FilePath/RZ%20Theatre%20Cinq%201%E3%83%BB2%E3%83%BB3%202019-07%20%288%29.jpg,http://www.wikidata.org/entity/Q351884,http://www.wikidata.org/entity/Q43371,http://www.wikidata.org/entity/Q4241574,http://www.wikidata.org/entity/Q4964545,2019-06-21T00:00:00Z,80000000,10381136,,,Nicholas Kroll
http://www.wikidata.org/entity/Q28561715,Comme des bêtes 2,http://commons.wikimedia.org/wiki/Special:FilePath/RZ%20Theatre%20Cinq%201%E3%83%BB2%E3%83%BB3%202019-07%20%288%29.jpg,http://www.wikidata.org/entity/Q351884,http://www.wikidata.org/entity/Q43371,http://www.wikidata.org/entity/Q2907990,http://www.wikidata.org/entity/Q4964545,2019-06-13T00:00:00Z,80000000,10381136,,,Robert Michael Moynihan Jr.
http://www.wikidata.org/entity/Q28561715,Comme des bêtes 2,http://commons.wikimedia.org/wiki/Special:FilePath/RZ%20Theatre%20Cinq%201%E3%83%BB2%E3%83%BB3%202019-07%20%288%29.jpg,http://www.wikidata.org/entity/Q351884,http://www.wikidata.org/entity/Q43371,http://www.wikidata.org/entity/Q4241574,http://www.wikidata.org/entity/Q4964545,2019-06-06T00:00:00Z,80000000,10381136,,,Nicholas Kroll
http://www.wikidata.org/entity/Q28561715,Comme des bêtes 2,http://commons.wikimedia.org/wiki/Special:FilePath/RZ%20Theatre%20Cinq%201%E3%83%BB2%E3%83%BB3%202019-07%20%288%29.jpg,http://www.wikidata.org/entity/Q351884,http://www.wikidata.org/entity/Q43371,http://www.wikidata.org/entity/Q2907990,http://www.wikidata.org/entity/Q4964545,2019-05-24T00:00:00Z,80000000,10381136,,,Robert Michael Moynihan Jr.
http://www.wikidata.org/entity/Q28561715,Comme des bêtes 2,http://commons.wikimedia.org/wiki/Special:FilePath/RZ%20Theatre%20Cinq%201%E3%83%BB2%E3%83%BB3%202019-07%20%288%29.jpg,http://www.wikidata.org/entity/Q351884,http://www.wikidata.org/entity/Q43371,http://www.wikidata.org/entity/Q11835264,http://www.wikidata.org/entity/Q4964545,2019-07-03T00:00:00Z,80000000,10381136,,,Tiffany Sara Cornilia Haddish
http://www.wikidata.org/entity/Q28561715,Comme des bêtes 2,http://commons.wikimedia.org/wiki/Special:FilePath/RZ%20Theatre%20Cinq%201%E3%83%BB2%E3%83%BB3%202019-07%20%288%29.jpg,http://www.wikidata.org/entity/Q351884,http://www.wikidata.org/entity/Q43371,http://www.wikidata.org/entity/Q11835264,http://www.wikidata.org/entity/Q4964545,2019-06-28T00:00:00Z,80000000,10381136,,,Tiffany Sara Cornilia Haddish
http://www.wikidata.org/entity/Q28561715,Comme des bêtes 2,http://commons.wikimedia.org/wiki/Special:FilePath/RZ%20Theatre%20Cinq%201%E3%83%BB2%E3%83%BB3%202019-07%20%288%29.jpg,http://www.wikidata.org/entity/Q351884,http://www.wikidata.org/entity/Q43371,http://www.wikidata.org/entity/Q744166,http://www.wikidata.org/entity/Q4964545,2019-06-21T00:00:00Z,80000000,10381136,,,Jenny Sarah Slate
http://www.wikidata.org/entity/Q28561715,Comme des bêtes 2,http://commons.wikimedia.org/wiki/Special:FilePath/RZ%20Theatre%20Cinq%201%E3%83%BB2%E3%83%BB3%202019-07%20%288%29.jpg,http://www.wikidata.org/entity/Q351884,http://www.wikidata.org/entity/Q43371,http://www.wikidata.org/entity/Q11835264,http://www.wikidata.org/entity/Q4964545,2019-06-13T00:00:00Z,80000000,10381136,,,Tiffany Sara Cornilia Haddish
http://www.wikidata.org/entity/Q28561715,Comme des bêtes 2,http://commons.wikimedia.org/wiki/Special:FilePath/RZ%20Theatre%20Cinq%201%E3%83%BB2%E3%83%BB3%202019-07%20%288%29.jpg,http://www.wikidata.org/entity/Q351884,http://www.wikidata.org/entity/Q43371,http://www.wikidata.org/entity/Q744166,http://www.wikidata.org/entity/Q4964545,2019-06-06T00:00:00Z,80000000,10381136,,,Jenny Sarah Slate
http://www.wikidata.org/entity/Q28561715,Comme des bêtes 2,http://commons.wikimedia.org/wiki/Special:FilePath/RZ%20Theatre%20Cinq%201%E3%83%BB2%E3%83%BB3%202019-07%20%288%29.jpg,http://www.wikidata.org/entity/Q351884,http://www.wikidata.org/entity/Q43371,http://www.wikidata.org/entity/Q15079,http://www.wikidata.org/entity/Q4964545,2019-07-03T00:00:00Z,80000000,10381136,,,Louis Alfred Székely
http://www.wikidata.org/entity/Q28561715,Comme des bêtes 2,http://commons.wikimedia.org/wiki/Special:FilePath/RZ%20Theatre%20Cinq%201%E3%83%BB2%E3%83%BB3%202019-07%20%288%29.jpg,http://www.wikidata.org/entity/Q351884,http://www.wikidata.org/entity/Q43371,http://www.wikidata.org/entity/Q11835264,http://www.wikidata.org/entity/Q4964545,2019-05-24T00:00:00Z,80000000,10381136,,,Tiffany Sara Cornilia Haddish
http://www.wikidata.org/entity/Q28561715,Comme des bêtes 2,http://commons.wikimedia.org/wiki/Special:FilePath/RZ%20Theatre%20Cinq%201%E3%83%BB2%E3%83%BB3%202019-07%20%288%29.jpg,http://www.wikidata.org/entity/Q351884,http://www.wikidata.org/entity/Q43371,http://www.wikidata.org/entity/Q15079,http://www.wikidata.org/entity/Q4964545,2019-06-28T00:00:00Z,80000000,10381136,,,Louis Alfred Székely
http://www.wikidata.org/entity/Q28561715,Comme des bêtes 2,http://commons.wikimedia.org/wiki/Special:FilePath/RZ%20Theatre%20Cinq%201%E3%83%BB2%E3%83%BB3%202019-07%20%288%29.jpg,http://www.wikidata.org/entity/Q351884,http://www.wikidata.org/entity/Q43371,http://www.wikidata.org/entity/Q15079,http://www.wikidata.org/entity/Q4964545,2019-06-13T00:00:00Z,80000000,10381136,,,Louis Alfred Székely
http://www.wikidata.org/entity/Q841233,RoboCop 3,http://commons.wikimedia.org/wiki/Special:FilePath/Robocop-3.png,http://www.wikidata.org/entity/Q1452257,http://www.wikidata.org/entity/Q7146300,http://www.wikidata.org/entity/Q318885,http://www.wikidata.org/entity/Q246321,1994-07-29T00:00:00Z,22000000,10696210,,,Makoto Iwamatsu
http://www.wikidata.org/entity/Q841233,RoboCop 3,http://commons.wikimedia.org/wiki/Special:FilePath/Robocop-3.png,http://www.wikidata.org/entity/Q1452257,http://www.wikidata.org/entity/Q7146300,http://www.wikidata.org/entity/Q318885,http://www.wikidata.org/entity/Q3308384,1993-11-05T00:00:00Z,22000000,10696210,,,Makoto Iwamatsu
http://www.wikidata.org/entity/Q841233,RoboCop 3,http://commons.wikimedia.org/wiki/Special:FilePath/Robocop-3.png,http://www.wikidata.org/entity/Q1452257,http://www.wikidata.org/entity/Q7146300,http://www.wikidata.org/entity/Q236434,http://www.wikidata.org/entity/Q3308384,1994-07-29T00:00:00Z,22000000,10696210,,,Carol Christine Hilaria Pounder
http://www.wikidata.org/entity/Q841233,RoboCop 3,http://commons.wikimedia.org/wiki/Special:FilePath/Robocop-3.png,http://www.wikidata.org/entity/Q1452257,http://www.wikidata.org/entity/Q7146300,http://www.wikidata.org/entity/Q236434,http://www.wikidata.org/entity/Q1452257,1993-04-18T00:00:00Z,22000000,10696210,,,Carol Christine Hilaria Pounder
http://www.wikidata.org/entity/Q841233,RoboCop 3,http://commons.wikimedia.org/wiki/Special:FilePath/Robocop-3.png,http://www.wikidata.org/entity/Q1452257,http://www.wikidata.org/entity/Q7146300,http://www.wikidata.org/entity/Q318885,http://www.wikidata.org/entity/Q246321,1994-06-24T00:00:00Z,22000000,10696210,,,Makoto Iwamatsu
http://www.wikidata.org/entity/Q841233,RoboCop 3,http://commons.wikimedia.org/wiki/Special:FilePath/Robocop-3.png,http://www.wikidata.org/entity/Q1452257,http://www.wikidata.org/entity/Q7146300,http://www.wikidata.org/entity/Q236434,http://www.wikidata.org/entity/Q3308384,1994-06-24T00:00:00Z,22000000,10696210,,,Carol Christine Hilaria Pounder
http://www.wikidata.org/entity/Q841233,RoboCop 3,http://commons.wikimedia.org/wiki/Special:FilePath/Robocop-3.png,http://www.wikidata.org/entity/Q1452257,http://www.wikidata.org/entity/Q7146300,http://www.wikidata.org/entity/Q313522,http://www.wikidata.org/entity/Q3308384,1993-04-18T00:00:00Z,22000000,10696210,,,"Elmore Rual Torn, Jr."
http://www.wikidata.org/entity/Q841233,RoboCop 3,http://commons.wikimedia.org/wiki/Special:FilePath/Robocop-3.png,http://www.wikidata.org/entity/Q1452257,http://www.wikidata.org/entity/Q7146300,http://www.wikidata.org/entity/Q318885,http://www.wikidata.org/entity/Q246321,1994-05-05T00:00:00Z,22000000,10696210,,,Makoto Iwamatsu
http://www.wikidata.org/entity/Q841233,RoboCop 3,http://commons.wikimedia.org/wiki/Special:FilePath/Robocop-3.png,http://www.wikidata.org/entity/Q1452257,http://www.wikidata.org/entity/Q7146300,http://www.wikidata.org/entity/Q236434,http://www.wikidata.org/entity/Q3308384,1994-05-05T00:00:00Z,22000000,10696210,,,Carol Christine Hilaria Pounder
http://www.wikidata.org/entity/Q841233,RoboCop 3,http://commons.wikimedia.org/wiki/Special:FilePath/Robocop-3.png,http://www.wikidata.org/entity/Q1452257,http://www.wikidata.org/entity/Q7146300,http://www.wikidata.org/entity/Q313522,http://www.wikidata.org/entity/Q246321,1993-11-05T00:00:00Z,22000000,10696210,,,"Elmore Rual Torn, Jr."
http://www.wikidata.org/entity/Q841233,RoboCop 3,http://commons.wikimedia.org/wiki/Special:FilePath/Robocop-3.png,http://www.wikidata.org/entity/Q1452257,http://www.wikidata.org/entity/Q7146300,http://www.wikidata.org/entity/Q318885,http://www.wikidata.org/entity/Q246321,1993-04-18T00:00:00Z,22000000,10696210,,,Makoto Iwamatsu
http://www.wikidata.org/entity/Q841233,RoboCop 3,http://commons.wikimedia.org/wiki/Special:FilePath/Robocop-3.png,http://www.wikidata.org/entity/Q1452257,http://www.wikidata.org/entity/Q7146300,http://www.wikidata.org/entity/Q236434,http://www.wikidata.org/entity/Q3308384,1993-04-18T00:00:00Z,22000000,10696210,,,Carol Christine Hilaria Pounder
http://www.wikidata.org/entity/Q841233,RoboCop 3,http://commons.wikimedia.org/wiki/Special:FilePath/Robocop-3.png,http://www.wikidata.org/entity/Q1452257,http://www.wikidata.org/entity/Q7146300,http://www.wikidata.org/entity/Q236434,http://www.wikidata.org/entity/Q246321,1993-11-05T00:00:00Z,22000000,10696210,,,Carol Christine Hilaria Pounder
http://www.wikidata.org/entity/Q841233,RoboCop 3,http://commons.wikimedia.org/wiki/Special:FilePath/Robocop-3.png,http://www.wikidata.org/entity/Q1452257,http://www.wikidata.org/entity/Q7146300,http://www.wikidata.org/entity/Q313522,http://www.wikidata.org/entity/Q207676,1994-07-29T00:00:00Z,22000000,10696210,,,"Elmore Rual Torn, Jr."
http://www.wikidata.org/entity/Q841233,RoboCop 3,http://commons.wikimedia.org/wiki/Special:FilePath/Robocop-3.png,http://www.wikidata.org/entity/Q1452257,http://www.wikidata.org/entity/Q7146300,http://www.wikidata.org/entity/Q313522,http://www.wikidata.org/entity/Q207676,1994-06-24T00:00:00Z,22000000,10696210,,,"Elmore Rual Torn, Jr."
http://www.wikidata.org/entity/Q841233,RoboCop 3,http://commons.wikimedia.org/wiki/Special:FilePath/Robocop-3.png,http://www.wikidata.org/entity/Q1452257,http://www.wikidata.org/entity/Q7146300,http://www.wikidata.org/entity/Q313522,http://www.wikidata.org/entity/Q207676,1994-05-05T00:00:00Z,22000000,10696210,,,"Elmore Rual Torn, Jr."
http://www.wikidata.org/entity/Q841233,RoboCop 3,http://commons.wikimedia.org/wiki/Special:FilePath/Robocop-3.png,http://www.wikidata.org/entity/Q1452257,http://www.wikidata.org/entity/Q7146300,http://www.wikidata.org/entity/Q318885,http://www.wikidata.org/entity/Q207676,1993-11-05T00:00:00Z,22000000,10696210,,,Makoto Iwamatsu
http://www.wikidata.org/entity/Q841233,RoboCop 3,http://commons.wikimedia.org/wiki/Special:FilePath/Robocop-3.png,http://www.wikidata.org/entity/Q1452257,http://www.wikidata.org/entity/Q7146300,http://www.wikidata.org/entity/Q236434,http://www.wikidata.org/entity/Q207676,1994-07-29T00:00:00Z,22000000,10696210,,,Carol Christine Hilaria Pounder
http://www.wikidata.org/entity/Q841233,RoboCop 3,http://commons.wikimedia.org/wiki/Special:FilePath/Robocop-3.png,http://www.wikidata.org/entity/Q1452257,http://www.wikidata.org/entity/Q7146300,http://www.wikidata.org/entity/Q236434,http://www.wikidata.org/entity/Q207676,1994-06-24T00:00:00Z,22000000,10696210,,,Carol Christine Hilaria Pounder
http://www.wikidata.org/entity/Q841233,RoboCop 3,http://commons.wikimedia.org/wiki/Special:FilePath/Robocop-3.png,http://www.wikidata.org/entity/Q1452257,http://www.wikidata.org/entity/Q7146300,http://www.wikidata.org/entity/Q318885,http://www.wikidata.org/entity/Q1452257,1994-07-29T00:00:00Z,22000000,10696210,,,Makoto Iwamatsu
http://www.wikidata.org/entity/Q841233,RoboCop 3,http://commons.wikimedia.org/wiki/Special:FilePath/Robocop-3.png,http://www.wikidata.org/entity/Q1452257,http://www.wikidata.org/entity/Q7146300,http://www.wikidata.org/entity/Q313522,http://www.wikidata.org/entity/Q207676,1993-04-18T00:00:00Z,22000000,10696210,,,"Elmore Rual Torn, Jr."
http://www.wikidata.org/entity/Q841233,RoboCop 3,http://commons.wikimedia.org/wiki/Special:FilePath/Robocop-3.png,http://www.wikidata.org/entity/Q1452257,http://www.wikidata.org/entity/Q7146300,http://www.wikidata.org/entity/Q318885,http://www.wikidata.org/entity/Q1452257,1994-06-24T00:00:00Z,22000000,10696210,,,Makoto Iwamatsu
http://www.wikidata.org/entity/Q841233,RoboCop 3,http://commons.wikimedia.org/wiki/Special:FilePath/Robocop-3.png,http://www.wikidata.org/entity/Q1452257,http://www.wikidata.org/entity/Q7146300,http://www.wikidata.org/entity/Q236434,http://www.wikidata.org/entity/Q207676,1994-05-05T00:00:00Z,22000000,10696210,,,Carol Christine Hilaria Pounder
http://www.wikidata.org/entity/Q841233,RoboCop 3,http://commons.wikimedia.org/wiki/Special:FilePath/Robocop-3.png,http://www.wikidata.org/entity/Q1452257,http://www.wikidata.org/entity/Q7146300,http://www.wikidata.org/entity/Q318885,http://www.wikidata.org/entity/Q1452257,1994-05-05T00:00:00Z,22000000,10696210,,,Makoto Iwamatsu
http://www.wikidata.org/entity/Q841233,RoboCop 3,http://commons.wikimedia.org/wiki/Special:FilePath/Robocop-3.png,http://www.wikidata.org/entity/Q1452257,http://www.wikidata.org/entity/Q7146300,http://www.wikidata.org/entity/Q313522,http://www.wikidata.org/entity/Q1452257,1993-11-05T00:00:00Z,22000000,10696210,,,"Elmore Rual Torn, Jr."
http://www.wikidata.org/entity/Q841233,RoboCop 3,http://commons.wikimedia.org/wiki/Special:FilePath/Robocop-3.png,http://www.wikidata.org/entity/Q1452257,http://www.wikidata.org/entity/Q7146300,http://www.wikidata.org/entity/Q236434,http://www.wikidata.org/entity/Q207676,1993-04-18T00:00:00Z,22000000,10696210,,,Carol Christine Hilaria Pounder
http://www.wikidata.org/entity/Q841233,RoboCop 3,http://commons.wikimedia.org/wiki/Special:FilePath/Robocop-3.png,http://www.wikidata.org/entity/Q1452257,http://www.wikidata.org/entity/Q7146300,http://www.wikidata.org/entity/Q318885,http://www.wikidata.org/entity/Q3308384,1994-07-29T00:00:00Z,22000000,10696210,,,Makoto Iwamatsu
http://www.wikidata.org/entity/Q841233,RoboCop 3,http://commons.wikimedia.org/wiki/Special:FilePath/Robocop-3.png,http://www.wikidata.org/entity/Q1452257,http://www.wikidata.org/entity/Q7146300,http://www.wikidata.org/entity/Q318885,http://www.wikidata.org/entity/Q1452257,1993-04-18T00:00:00Z,22000000,10696210,,,Makoto Iwamatsu
http://www.wikidata.org/entity/Q841233,RoboCop 3,http://commons.wikimedia.org/wiki/Special:FilePath/Robocop-3.png,http://www.wikidata.org/entity/Q1452257,http://www.wikidata.org/entity/Q7146300,http://www.wikidata.org/entity/Q318885,http://www.wikidata.org/entity/Q3308384,1994-06-24T00:00:00Z,22000000,10696210,,,Makoto Iwamatsu
http://www.wikidata.org/entity/Q841233,RoboCop 3,http://commons.wikimedia.org/wiki/Special:FilePath/Robocop-3.png,http://www.wikidata.org/entity/Q1452257,http://www.wikidata.org/entity/Q7146300,http://www.wikidata.org/entity/Q318885,http://www.wikidata.org/entity/Q3308384,1994-05-05T00:00:00Z,22000000,10696210,,,Makoto Iwamatsu
http://www.wikidata.org/entity/Q841233,RoboCop 3,http://commons.wikimedia.org/wiki/Special:FilePath/Robocop-3.png,http://www.wikidata.org/entity/Q1452257,http://www.wikidata.org/entity/Q7146300,http://www.wikidata.org/entity/Q236434,http://www.wikidata.org/entity/Q1452257,1993-11-05T00:00:00Z,22000000,10696210,,,Carol Christine Hilaria Pounder
http://www.wikidata.org/entity/Q841233,RoboCop 3,http://commons.wikimedia.org/wiki/Special:FilePath/Robocop-3.png,http://www.wikidata.org/entity/Q1452257,http://www.wikidata.org/entity/Q7146300,http://www.wikidata.org/entity/Q313522,http://www.wikidata.org/entity/Q246321,1994-07-29T00:00:00Z,22000000,10696210,,,"Elmore Rual Torn, Jr."
http://www.wikidata.org/entity/Q841233,RoboCop 3,http://commons.wikimedia.org/wiki/Special:FilePath/Robocop-3.png,http://www.wikidata.org/entity/Q1452257,http://www.wikidata.org/entity/Q7146300,http://www.wikidata.org/entity/Q313522,http://www.wikidata.org/entity/Q3308384,1993-11-05T00:00:00Z,22000000,10696210,,,"Elmore Rual Torn, Jr."
http://www.wikidata.org/entity/Q841233,RoboCop 3,http://commons.wikimedia.org/wiki/Special:FilePath/Robocop-3.png,http://www.wikidata.org/entity/Q1452257,http://www.wikidata.org/entity/Q7146300,http://www.wikidata.org/entity/Q313522,http://www.wikidata.org/entity/Q246321,1994-06-24T00:00:00Z,22000000,10696210,,,"Elmore Rual Torn, Jr."
http://www.wikidata.org/entity/Q841233,RoboCop 3,http://commons.wikimedia.org/wiki/Special:FilePath/Robocop-3.png,http://www.wikidata.org/entity/Q1452257,http://www.wikidata.org/entity/Q7146300,http://www.wikidata.org/entity/Q318885,http://www.wikidata.org/entity/Q3308384,1993-04-18T00:00:00Z,22000000,10696210,,,Makoto Iwamatsu
http://www.wikidata.org/entity/Q841233,RoboCop 3,http://commons.wikimedia.org/wiki/Special:FilePath/Robocop-3.png,http://www.wikidata.org/entity/Q1452257,http://www.wikidata.org/entity/Q7146300,http://www.wikidata.org/entity/Q313522,http://www.wikidata.org/entity/Q246321,1994-05-05T00:00:00Z,22000000,10696210,,,"Elmore Rual Torn, Jr."
http://www.wikidata.org/entity/Q841233,RoboCop 3,http://commons.wikimedia.org/wiki/Special:FilePath/Robocop-3.png,http://www.wikidata.org/entity/Q1452257,http://www.wikidata.org/entity/Q7146300,http://www.wikidata.org/entity/Q318885,http://www.wikidata.org/entity/Q246321,1993-11-05T00:00:00Z,22000000,10696210,,,Makoto Iwamatsu
http://www.wikidata.org/entity/Q841233,RoboCop 3,http://commons.wikimedia.org/wiki/Special:FilePath/Robocop-3.png,http://www.wikidata.org/entity/Q1452257,http://www.wikidata.org/entity/Q7146300,http://www.wikidata.org/entity/Q236434,http://www.wikidata.org/entity/Q246321,1994-07-29T00:00:00Z,22000000,10696210,,,Carol Christine Hilaria Pounder
http://www.wikidata.org/entity/Q841233,RoboCop 3,http://commons.wikimedia.org/wiki/Special:FilePath/Robocop-3.png,http://www.wikidata.org/entity/Q1452257,http://www.wikidata.org/entity/Q7146300,http://www.wikidata.org/entity/Q236434,http://www.wikidata.org/entity/Q3308384,1993-11-05T00:00:00Z,22000000,10696210,,,Carol Christine Hilaria Pounder
http://www.wikidata.org/entity/Q841233,RoboCop 3,http://commons.wikimedia.org/wiki/Special:FilePath/Robocop-3.png,http://www.wikidata.org/entity/Q1452257,http://www.wikidata.org/entity/Q7146300,http://www.wikidata.org/entity/Q236434,http://www.wikidata.org/entity/Q246321,1994-06-24T00:00:00Z,22000000,10696210,,,Carol Christine Hilaria Pounder
http://www.wikidata.org/entity/Q841233,RoboCop 3,http://commons.wikimedia.org/wiki/Special:FilePath/Robocop-3.png,http://www.wikidata.org/entity/Q1452257,http://www.wikidata.org/entity/Q7146300,http://www.wikidata.org/entity/Q313522,http://www.wikidata.org/entity/Q246321,1993-04-18T00:00:00Z,22000000,10696210,,,"Elmore Rual Torn, Jr."
http://www.wikidata.org/entity/Q841233,RoboCop 3,http://commons.wikimedia.org/wiki/Special:FilePath/Robocop-3.png,http://www.wikidata.org/entity/Q1452257,http://www.wikidata.org/entity/Q7146300,http://www.wikidata.org/entity/Q236434,http://www.wikidata.org/entity/Q246321,1994-05-05T00:00:00Z,22000000,10696210,,,Carol Christine Hilaria Pounder
http://www.wikidata.org/entity/Q841233,RoboCop 3,http://commons.wikimedia.org/wiki/Special:FilePath/Robocop-3.png,http://www.wikidata.org/entity/Q1452257,http://www.wikidata.org/entity/Q7146300,http://www.wikidata.org/entity/Q318885,http://www.wikidata.org/entity/Q207676,1994-07-29T00:00:00Z,22000000,10696210,,,Makoto Iwamatsu
http://www.wikidata.org/entity/Q841233,RoboCop 3,http://commons.wikimedia.org/wiki/Special:FilePath/Robocop-3.png,http://www.wikidata.org/entity/Q1452257,http://www.wikidata.org/entity/Q7146300,http://www.wikidata.org/entity/Q318885,http://www.wikidata.org/entity/Q207676,1994-06-24T00:00:00Z,22000000,10696210,,,Makoto Iwamatsu
http://www.wikidata.org/entity/Q841233,RoboCop 3,http://commons.wikimedia.org/wiki/Special:FilePath/Robocop-3.png,http://www.wikidata.org/entity/Q1452257,http://www.wikidata.org/entity/Q7146300,http://www.wikidata.org/entity/Q236434,http://www.wikidata.org/entity/Q246321,1993-04-18T00:00:00Z,22000000,10696210,,,Carol Christine Hilaria Pounder
http://www.wikidata.org/entity/Q841233,RoboCop 3,http://commons.wikimedia.org/wiki/Special:FilePath/Robocop-3.png,http://www.wikidata.org/entity/Q1452257,http://www.wikidata.org/entity/Q7146300,http://www.wikidata.org/entity/Q318885,http://www.wikidata.org/entity/Q207676,1994-05-05T00:00:00Z,22000000,10696210,,,Makoto Iwamatsu
http://www.wikidata.org/entity/Q841233,RoboCop 3,http://commons.wikimedia.org/wiki/Special:FilePath/Robocop-3.png,http://www.wikidata.org/entity/Q1452257,http://www.wikidata.org/entity/Q7146300,http://www.wikidata.org/entity/Q313522,http://www.wikidata.org/entity/Q207676,1993-11-05T00:00:00Z,22000000,10696210,,,"Elmore Rual Torn, Jr."
http://www.wikidata.org/entity/Q841233,RoboCop 3,http://commons.wikimedia.org/wiki/Special:FilePath/Robocop-3.png,http://www.wikidata.org/entity/Q1452257,http://www.wikidata.org/entity/Q7146300,http://www.wikidata.org/entity/Q313522,http://www.wikidata.org/entity/Q1452257,1994-07-29T00:00:00Z,22000000,10696210,,,"Elmore Rual Torn, Jr."
http://www.wikidata.org/entity/Q841233,RoboCop 3,http://commons.wikimedia.org/wiki/Special:FilePath/Robocop-3.png,http://www.wikidata.org/entity/Q1452257,http://www.wikidata.org/entity/Q7146300,http://www.wikidata.org/entity/Q318885,http://www.wikidata.org/entity/Q207676,1993-04-18T00:00:00Z,22000000,10696210,,,Makoto Iwamatsu
http://www.wikidata.org/entity/Q841233,RoboCop 3,http://commons.wikimedia.org/wiki/Special:FilePath/Robocop-3.png,http://www.wikidata.org/entity/Q1452257,http://www.wikidata.org/entity/Q7146300,http://www.wikidata.org/entity/Q313522,http://www.wikidata.org/entity/Q1452257,1994-06-24T00:00:00Z,22000000,10696210,,,"Elmore Rual Torn, Jr."
http://www.wikidata.org/entity/Q841233,RoboCop 3,http://commons.wikimedia.org/wiki/Special:FilePath/Robocop-3.png,http://www.wikidata.org/entity/Q1452257,http://www.wikidata.org/entity/Q7146300,http://www.wikidata.org/entity/Q236434,http://www.wikidata.org/entity/Q207676,1993-11-05T00:00:00Z,22000000,10696210,,,Carol Christine Hilaria Pounder
http://www.wikidata.org/entity/Q841233,RoboCop 3,http://commons.wikimedia.org/wiki/Special:FilePath/Robocop-3.png,http://www.wikidata.org/entity/Q1452257,http://www.wikidata.org/entity/Q7146300,http://www.wikidata.org/entity/Q313522,http://www.wikidata.org/entity/Q1452257,1994-05-05T00:00:00Z,22000000,10696210,,,"Elmore Rual Torn, Jr."
http://www.wikidata.org/entity/Q841233,RoboCop 3,http://commons.wikimedia.org/wiki/Special:FilePath/Robocop-3.png,http://www.wikidata.org/entity/Q1452257,http://www.wikidata.org/entity/Q7146300,http://www.wikidata.org/entity/Q318885,http://www.wikidata.org/entity/Q1452257,1993-11-05T00:00:00Z,22000000,10696210,,,Makoto Iwamatsu
http://www.wikidata.org/entity/Q841233,RoboCop 3,http://commons.wikimedia.org/wiki/Special:FilePath/Robocop-3.png,http://www.wikidata.org/entity/Q1452257,http://www.wikidata.org/entity/Q7146300,http://www.wikidata.org/entity/Q236434,http://www.wikidata.org/entity/Q1452257,1994-07-29T00:00:00Z,22000000,10696210,,,Carol Christine Hilaria Pounder
http://www.wikidata.org/entity/Q841233,RoboCop 3,http://commons.wikimedia.org/wiki/Special:FilePath/Robocop-3.png,http://www.wikidata.org/entity/Q1452257,http://www.wikidata.org/entity/Q7146300,http://www.wikidata.org/entity/Q236434,http://www.wikidata.org/entity/Q1452257,1994-06-24T00:00:00Z,22000000,10696210,,,Carol Christine Hilaria Pounder
http://www.wikidata.org/entity/Q841233,RoboCop 3,http://commons.wikimedia.org/wiki/Special:FilePath/Robocop-3.png,http://www.wikidata.org/entity/Q1452257,http://www.wikidata.org/entity/Q7146300,http://www.wikidata.org/entity/Q313522,http://www.wikidata.org/entity/Q3308384,1994-07-29T00:00:00Z,22000000,10696210,,,"Elmore Rual Torn, Jr."
http://www.wikidata.org/entity/Q841233,RoboCop 3,http://commons.wikimedia.org/wiki/Special:FilePath/Robocop-3.png,http://www.wikidata.org/entity/Q1452257,http://www.wikidata.org/entity/Q7146300,http://www.wikidata.org/entity/Q313522,http://www.wikidata.org/entity/Q1452257,1993-04-18T00:00:00Z,22000000,10696210,,,"Elmore Rual Torn, Jr."
http://www.wikidata.org/entity/Q841233,RoboCop 3,http://commons.wikimedia.org/wiki/Special:FilePath/Robocop-3.png,http://www.wikidata.org/entity/Q1452257,http://www.wikidata.org/entity/Q7146300,http://www.wikidata.org/entity/Q313522,http://www.wikidata.org/entity/Q3308384,1994-06-24T00:00:00Z,22000000,10696210,,,"Elmore Rual Torn, Jr."
http://www.wikidata.org/entity/Q841233,RoboCop 3,http://commons.wikimedia.org/wiki/Special:FilePath/Robocop-3.png,http://www.wikidata.org/entity/Q1452257,http://www.wikidata.org/entity/Q7146300,http://www.wikidata.org/entity/Q236434,http://www.wikidata.org/entity/Q1452257,1994-05-05T00:00:00Z,22000000,10696210,,,Carol Christine Hilaria Pounder
http://www.wikidata.org/entity/Q841233,RoboCop 3,http://commons.wikimedia.org/wiki/Special:FilePath/Robocop-3.png,http://www.wikidata.org/entity/Q1452257,http://www.wikidata.org/entity/Q7146300,http://www.wikidata.org/entity/Q313522,http://www.wikidata.org/entity/Q3308384,1994-05-05T00:00:00Z,22000000,10696210,,,"Elmore Rual Torn, Jr."
http://www.wikidata.org/entity/Q2522433,Bronco Apache,http://commons.wikimedia.org/wiki/Special:FilePath/Apache%20%28film%29%20poster.jpg,http://www.wikidata.org/entity/Q95133,http://www.wikidata.org/entity/Q323445,http://www.wikidata.org/entity/Q1655562,http://www.wikidata.org/entity/Q7154292,1954-01-01T00:00:00Z,1240000,10000000,,,Ulva Pippy
http://www.wikidata.org/entity/Q2522433,Bronco Apache,http://commons.wikimedia.org/wiki/Special:FilePath/Apache%20%28film%29%20poster.jpg,http://www.wikidata.org/entity/Q95133,http://www.wikidata.org/entity/Q323445,http://www.wikidata.org/entity/Q1655562,http://www.wikidata.org/entity/Q7154292,1954-10-15T00:00:00Z,1240000,10000000,,,Ulva Pippy
http://www.wikidata.org/entity/Q2522433,Bronco Apache,http://commons.wikimedia.org/wiki/Special:FilePath/Apache%20%28film%29%20poster.jpg,http://www.wikidata.org/entity/Q323445,http://www.wikidata.org/entity/Q323445,http://www.wikidata.org/entity/Q1655562,http://www.wikidata.org/entity/Q7154292,1954-12-23T00:00:00Z,1240000,10000000,,,Ulva Pippy
http://www.wikidata.org/entity/Q2522433,Bronco Apache,http://commons.wikimedia.org/wiki/Special:FilePath/Apache%20%28film%29%20poster.jpg,http://www.wikidata.org/entity/Q95133,http://www.wikidata.org/entity/Q160528,http://www.wikidata.org/entity/Q160528,http://www.wikidata.org/entity/Q7154292,1954-07-09T00:00:00Z,1240000,10000000,,,Burton Stephen Lancaster
http://www.wikidata.org/entity/Q2522433,Bronco Apache,http://commons.wikimedia.org/wiki/Special:FilePath/Apache%20%28film%29%20poster.jpg,http://www.wikidata.org/entity/Q323445,http://www.wikidata.org/entity/Q323445,http://www.wikidata.org/entity/Q2421148,http://www.wikidata.org/entity/Q7154292,1954-07-09T00:00:00Z,1240000,10000000,,,Morris Winslow Ankrum
http://www.wikidata.org/entity/Q2522433,Bronco Apache,http://commons.wikimedia.org/wiki/Special:FilePath/Apache%20%28film%29%20poster.jpg,http://www.wikidata.org/entity/Q323445,http://www.wikidata.org/entity/Q323445,http://www.wikidata.org/entity/Q36105,http://www.wikidata.org/entity/Q7154292,1954-06-30T00:00:00Z,1240000,10000000,,,Charles Dennis Buchinsky
http://www.wikidata.org/entity/Q2522433,Bronco Apache,http://commons.wikimedia.org/wiki/Special:FilePath/Apache%20%28film%29%20poster.jpg,http://www.wikidata.org/entity/Q95133,http://www.wikidata.org/entity/Q323445,http://www.wikidata.org/entity/Q2421148,http://www.wikidata.org/entity/Q7154292,1954-06-30T00:00:00Z,1240000,10000000,,,Morris Winslow Ankrum
http://www.wikidata.org/entity/Q2522433,Bronco Apache,http://commons.wikimedia.org/wiki/Special:FilePath/Apache%20%28film%29%20poster.jpg,http://www.wikidata.org/entity/Q323445,http://www.wikidata.org/entity/Q160528,http://www.wikidata.org/entity/Q36105,http://www.wikidata.org/entity/Q7154292,1954-01-01T00:00:00Z,1240000,10000000,,,Charles Dennis Buchinsky
http://www.wikidata.org/entity/Q2522433,Bronco Apache,http://commons.wikimedia.org/wiki/Special:FilePath/Apache%20%28film%29%20poster.jpg,http://www.wikidata.org/entity/Q95133,http://www.wikidata.org/entity/Q160528,http://www.wikidata.org/entity/Q2421148,http://www.wikidata.org/entity/Q7154292,1954-01-01T00:00:00Z,1240000,10000000,,,Morris Winslow Ankrum
http://www.wikidata.org/entity/Q2522433,Bronco Apache,http://commons.wikimedia.org/wiki/Special:FilePath/Apache%20%28film%29%20poster.jpg,http://www.wikidata.org/entity/Q323445,http://www.wikidata.org/entity/Q160528,http://www.wikidata.org/entity/Q36105,http://www.wikidata.org/entity/Q7154292,1954-10-15T00:00:00Z,1240000,10000000,,,Charles Dennis Buchinsky
http://www.wikidata.org/entity/Q2522433,Bronco Apache,http://commons.wikimedia.org/wiki/Special:FilePath/Apache%20%28film%29%20poster.jpg,http://www.wikidata.org/entity/Q95133,http://www.wikidata.org/entity/Q160528,http://www.wikidata.org/entity/Q2421148,http://www.wikidata.org/entity/Q7154292,1954-10-15T00:00:00Z,1240000,10000000,,,Morris Winslow Ankrum
http://www.wikidata.org/entity/Q2522433,Bronco Apache,http://commons.wikimedia.org/wiki/Special:FilePath/Apache%20%28film%29%20poster.jpg,http://www.wikidata.org/entity/Q323445,http://www.wikidata.org/entity/Q323445,http://www.wikidata.org/entity/Q1655562,http://www.wikidata.org/entity/Q7154292,1954-07-09T00:00:00Z,1240000,10000000,,,Ulva Pippy
http://www.wikidata.org/entity/Q2522433,Bronco Apache,http://commons.wikimedia.org/wiki/Special:FilePath/Apache%20%28film%29%20poster.jpg,http://www.wikidata.org/entity/Q323445,http://www.wikidata.org/entity/Q160528,http://www.wikidata.org/entity/Q2421148,http://www.wikidata.org/entity/Q7154292,1954-12-23T00:00:00Z,1240000,10000000,,,Morris Winslow Ankrum
http://www.wikidata.org/entity/Q2522433,Bronco Apache,http://commons.wikimedia.org/wiki/Special:FilePath/Apache%20%28film%29%20poster.jpg,http://www.wikidata.org/entity/Q95133,http://www.wikidata.org/entity/Q323445,http://www.wikidata.org/entity/Q1655562,http://www.wikidata.org/entity/Q7154292,1954-06-30T00:00:00Z,1240000,10000000,,,Ulva Pippy
http://www.wikidata.org/entity/Q2522433,Bronco Apache,http://commons.wikimedia.org/wiki/Special:FilePath/Apache%20%28film%29%20poster.jpg,http://www.wikidata.org/entity/Q95133,http://www.wikidata.org/entity/Q160528,http://www.wikidata.org/entity/Q1655562,http://www.wikidata.org/entity/Q7154292,1954-01-01T00:00:00Z,1240000,10000000,,,Ulva Pippy
http://www.wikidata.org/entity/Q2522433,Bronco Apache,http://commons.wikimedia.org/wiki/Special:FilePath/Apache%20%28film%29%20poster.jpg,http://www.wikidata.org/entity/Q95133,http://www.wikidata.org/entity/Q160528,http://www.wikidata.org/entity/Q1655562,http://www.wikidata.org/entity/Q7154292,1954-10-15T00:00:00Z,1240000,10000000,,,Ulva Pippy
http://www.wikidata.org/entity/Q2522433,Bronco Apache,http://commons.wikimedia.org/wiki/Special:FilePath/Apache%20%28film%29%20poster.jpg,http://www.wikidata.org/entity/Q95133,http://www.wikidata.org/entity/Q323445,http://www.wikidata.org/entity/Q160528,http://www.wikidata.org/entity/Q7154292,1954-01-01T00:00:00Z,1240000,10000000,,,Burton Stephen Lancaster
http://www.wikidata.org/entity/Q2522433,Bronco Apache,http://commons.wikimedia.org/wiki/Special:FilePath/Apache%20%28film%29%20poster.jpg,http://www.wikidata.org/entity/Q95133,http://www.wikidata.org/entity/Q323445,http://www.wikidata.org/entity/Q160528,http://www.wikidata.org/entity/Q7154292,1954-10-15T00:00:00Z,1240000,10000000,,,Burton Stephen Lancaster
http://www.wikidata.org/entity/Q2522433,Bronco Apache,http://commons.wikimedia.org/wiki/Special:FilePath/Apache%20%28film%29%20poster.jpg,http://www.wikidata.org/entity/Q323445,http://www.wikidata.org/entity/Q160528,http://www.wikidata.org/entity/Q1655562,http://www.wikidata.org/entity/Q7154292,1954-12-23T00:00:00Z,1240000,10000000,,,Ulva Pippy
http://www.wikidata.org/entity/Q2522433,Bronco Apache,http://commons.wikimedia.org/wiki/Special:FilePath/Apache%20%28film%29%20poster.jpg,http://www.wikidata.org/entity/Q323445,http://www.wikidata.org/entity/Q323445,http://www.wikidata.org/entity/Q160528,http://www.wikidata.org/entity/Q7154292,1954-12-23T00:00:00Z,1240000,10000000,,,Burton Stephen Lancaster
http://www.wikidata.org/entity/Q2522433,Bronco Apache,http://commons.wikimedia.org/wiki/Special:FilePath/Apache%20%28film%29%20poster.jpg,http://www.wikidata.org/entity/Q323445,http://www.wikidata.org/entity/Q160528,http://www.wikidata.org/entity/Q2421148,http://www.wikidata.org/entity/Q7154292,1954-07-09T00:00:00Z,1240000,10000000,,,Morris Winslow Ankrum
http://www.wikidata.org/entity/Q2522433,Bronco Apache,http://commons.wikimedia.org/wiki/Special:FilePath/Apache%20%28film%29%20poster.jpg,http://www.wikidata.org/entity/Q323445,http://www.wikidata.org/entity/Q323445,http://www.wikidata.org/entity/Q36105,http://www.wikidata.org/entity/Q7154292,1954-12-22T00:00:00Z,1240000,10000000,,,Charles Dennis Buchinsky
http://www.wikidata.org/entity/Q2522433,Bronco Apache,http://commons.wikimedia.org/wiki/Special:FilePath/Apache%20%28film%29%20poster.jpg,http://www.wikidata.org/entity/Q95133,http://www.wikidata.org/entity/Q323445,http://www.wikidata.org/entity/Q2421148,http://www.wikidata.org/entity/Q7154292,1954-12-22T00:00:00Z,1240000,10000000,,,Morris Winslow Ankrum
http://www.wikidata.org/entity/Q2522433,Bronco Apache,http://commons.wikimedia.org/wiki/Special:FilePath/Apache%20%28film%29%20poster.jpg,http://www.wikidata.org/entity/Q323445,http://www.wikidata.org/entity/Q160528,http://www.wikidata.org/entity/Q36105,http://www.wikidata.org/entity/Q7154292,1954-06-30T00:00:00Z,1240000,10000000,,,Charles Dennis Buchinsky
http://www.wikidata.org/entity/Q2522433,Bronco Apache,http://commons.wikimedia.org/wiki/Special:FilePath/Apache%20%28film%29%20poster.jpg,http://www.wikidata.org/entity/Q95133,http://www.wikidata.org/entity/Q160528,http://www.wikidata.org/entity/Q2421148,http://www.wikidata.org/entity/Q7154292,1954-06-30T00:00:00Z,1240000,10000000,,,Morris Winslow Ankrum
http://www.wikidata.org/entity/Q2522433,Bronco Apache,http://commons.wikimedia.org/wiki/Special:FilePath/Apache%20%28film%29%20poster.jpg,http://www.wikidata.org/entity/Q95133,http://www.wikidata.org/entity/Q323445,http://www.wikidata.org/entity/Q36105,http://www.wikidata.org/entity/Q7154292,1954-12-23T00:00:00Z,1240000,10000000,,,Charles Dennis Buchinsky
http://www.wikidata.org/entity/Q2522433,Bronco Apache,http://commons.wikimedia.org/wiki/Special:FilePath/Apache%20%28film%29%20poster.jpg,http://www.wikidata.org/entity/Q323445,http://www.wikidata.org/entity/Q160528,http://www.wikidata.org/entity/Q1655562,http://www.wikidata.org/entity/Q7154292,1954-07-09T00:00:00Z,1240000,10000000,,,Ulva Pippy
http://www.wikidata.org/entity/Q2522433,Bronco Apache,http://commons.wikimedia.org/wiki/Special:FilePath/Apache%20%28film%29%20poster.jpg,http://www.wikidata.org/entity/Q323445,http://www.wikidata.org/entity/Q323445,http://www.wikidata.org/entity/Q160528,http://www.wikidata.org/entity/Q7154292,1954-07-09T00:00:00Z,1240000,10000000,,,Burton Stephen Lancaster
http://www.wikidata.org/entity/Q2522433,Bronco Apache,http://commons.wikimedia.org/wiki/Special:FilePath/Apache%20%28film%29%20poster.jpg,http://www.wikidata.org/entity/Q95133,http://www.wikidata.org/entity/Q323445,http://www.wikidata.org/entity/Q1655562,http://www.wikidata.org/entity/Q7154292,1954-12-22T00:00:00Z,1240000,10000000,,,Ulva Pippy
http://www.wikidata.org/entity/Q2522433,Bronco Apache,http://commons.wikimedia.org/wiki/Special:FilePath/Apache%20%28film%29%20poster.jpg,http://www.wikidata.org/entity/Q95133,http://www.wikidata.org/entity/Q160528,http://www.wikidata.org/entity/Q1655562,http://www.wikidata.org/entity/Q7154292,1954-06-30T00:00:00Z,1240000,10000000,,,Ulva Pippy
http://www.wikidata.org/entity/Q2522433,Bronco Apache,http://commons.wikimedia.org/wiki/Special:FilePath/Apache%20%28film%29%20poster.jpg,http://www.wikidata.org/entity/Q95133,http://www.wikidata.org/entity/Q323445,http://www.wikidata.org/entity/Q160528,http://www.wikidata.org/entity/Q7154292,1954-06-30T00:00:00Z,1240000,10000000,,,Burton Stephen Lancaster
http://www.wikidata.org/entity/Q2522433,Bronco Apache,http://commons.wikimedia.org/wiki/Special:FilePath/Apache%20%28film%29%20poster.jpg,http://www.wikidata.org/entity/Q95133,http://www.wikidata.org/entity/Q160528,http://www.wikidata.org/entity/Q160528,http://www.wikidata.org/entity/Q7154292,1954-01-01T00:00:00Z,1240000,10000000,,,Burton Stephen Lancaster
http://www.wikidata.org/entity/Q2522433,Bronco Apache,http://commons.wikimedia.org/wiki/Special:FilePath/Apache%20%28film%29%20poster.jpg,http://www.wikidata.org/entity/Q323445,http://www.wikidata.org/entity/Q323445,http://www.wikidata.org/entity/Q2421148,http://www.wikidata.org/entity/Q7154292,1954-01-01T00:00:00Z,1240000,10000000,,,Morris Winslow Ankrum
http://www.wikidata.org/entity/Q2522433,Bronco Apache,http://commons.wikimedia.org/wiki/Special:FilePath/Apache%20%28film%29%20poster.jpg,http://www.wikidata.org/entity/Q95133,http://www.wikidata.org/entity/Q160528,http://www.wikidata.org/entity/Q160528,http://www.wikidata.org/entity/Q7154292,1954-10-15T00:00:00Z,1240000,10000000,,,Burton Stephen Lancaster
http://www.wikidata.org/entity/Q2522433,Bronco Apache,http://commons.wikimedia.org/wiki/Special:FilePath/Apache%20%28film%29%20poster.jpg,http://www.wikidata.org/entity/Q323445,http://www.wikidata.org/entity/Q323445,http://www.wikidata.org/entity/Q2421148,http://www.wikidata.org/entity/Q7154292,1954-10-15T00:00:00Z,1240000,10000000,,,Morris Winslow Ankrum
http://www.wikidata.org/entity/Q2522433,Bronco Apache,http://commons.wikimedia.org/wiki/Special:FilePath/Apache%20%28film%29%20poster.jpg,http://www.wikidata.org/entity/Q95133,http://www.wikidata.org/entity/Q323445,http://www.wikidata.org/entity/Q36105,http://www.wikidata.org/entity/Q7154292,1954-07-09T00:00:00Z,1240000,10000000,,,Charles Dennis Buchinsky
http://www.wikidata.org/entity/Q2522433,Bronco Apache,http://commons.wikimedia.org/wiki/Special:FilePath/Apache%20%28film%29%20poster.jpg,http://www.wikidata.org/entity/Q323445,http://www.wikidata.org/entity/Q160528,http://www.wikidata.org/entity/Q160528,http://www.wikidata.org/entity/Q7154292,1954-12-23T00:00:00Z,1240000,10000000,,,Burton Stephen Lancaster
http://www.wikidata.org/entity/Q2522433,Bronco Apache,http://commons.wikimedia.org/wiki/Special:FilePath/Apache%20%28film%29%20poster.jpg,http://www.wikidata.org/entity/Q323445,http://www.wikidata.org/entity/Q160528,http://www.wikidata.org/entity/Q36105,http://www.wikidata.org/entity/Q7154292,1954-12-22T00:00:00Z,1240000,10000000,,,Charles Dennis Buchinsky
http://www.wikidata.org/entity/Q2522433,Bronco Apache,http://commons.wikimedia.org/wiki/Special:FilePath/Apache%20%28film%29%20poster.jpg,http://www.wikidata.org/entity/Q95133,http://www.wikidata.org/entity/Q160528,http://www.wikidata.org/entity/Q2421148,http://www.wikidata.org/entity/Q7154292,1954-12-22T00:00:00Z,1240000,10000000,,,Morris Winslow Ankrum
http://www.wikidata.org/entity/Q2522433,Bronco Apache,http://commons.wikimedia.org/wiki/Special:FilePath/Apache%20%28film%29%20poster.jpg,http://www.wikidata.org/entity/Q323445,http://www.wikidata.org/entity/Q323445,http://www.wikidata.org/entity/Q1655562,http://www.wikidata.org/entity/Q7154292,1954-01-01T00:00:00Z,1240000,10000000,,,Ulva Pippy
http://www.wikidata.org/entity/Q2522433,Bronco Apache,http://commons.wikimedia.org/wiki/Special:FilePath/Apache%20%28film%29%20poster.jpg,http://www.wikidata.org/entity/Q323445,http://www.wikidata.org/entity/Q323445,http://www.wikidata.org/entity/Q1655562,http://www.wikidata.org/entity/Q7154292,1954-10-15T00:00:00Z,1240000,10000000,,,Ulva Pippy
http://www.wikidata.org/entity/Q2522433,Bronco Apache,http://commons.wikimedia.org/wiki/Special:FilePath/Apache%20%28film%29%20poster.jpg,http://www.wikidata.org/entity/Q95133,http://www.wikidata.org/entity/Q160528,http://www.wikidata.org/entity/Q36105,http://www.wikidata.org/entity/Q7154292,1954-12-23T00:00:00Z,1240000,10000000,,,Charles Dennis Buchinsky
http://www.wikidata.org/entity/Q2522433,Bronco Apache,http://commons.wikimedia.org/wiki/Special:FilePath/Apache%20%28film%29%20poster.jpg,http://www.wikidata.org/entity/Q323445,http://www.wikidata.org/entity/Q160528,http://www.wikidata.org/entity/Q160528,http://www.wikidata.org/entity/Q7154292,1954-07-09T00:00:00Z,1240000,10000000,,,Burton Stephen Lancaster
http://www.wikidata.org/entity/Q2522433,Bronco Apache,http://commons.wikimedia.org/wiki/Special:FilePath/Apache%20%28film%29%20poster.jpg,http://www.wikidata.org/entity/Q95133,http://www.wikidata.org/entity/Q160528,http://www.wikidata.org/entity/Q1655562,http://www.wikidata.org/entity/Q7154292,1954-12-22T00:00:00Z,1240000,10000000,,,Ulva Pippy
http://www.wikidata.org/entity/Q2522433,Bronco Apache,http://commons.wikimedia.org/wiki/Special:FilePath/Apache%20%28film%29%20poster.jpg,http://www.wikidata.org/entity/Q95133,http://www.wikidata.org/entity/Q323445,http://www.wikidata.org/entity/Q160528,http://www.wikidata.org/entity/Q7154292,1954-12-22T00:00:00Z,1240000,10000000,,,Burton Stephen Lancaster
http://www.wikidata.org/entity/Q2522433,Bronco Apache,http://commons.wikimedia.org/wiki/Special:FilePath/Apache%20%28film%29%20poster.jpg,http://www.wikidata.org/entity/Q95133,http://www.wikidata.org/entity/Q160528,http://www.wikidata.org/entity/Q160528,http://www.wikidata.org/entity/Q7154292,1954-06-30T00:00:00Z,1240000,10000000,,,Burton Stephen Lancaster
http://www.wikidata.org/entity/Q2522433,Bronco Apache,http://commons.wikimedia.org/wiki/Special:FilePath/Apache%20%28film%29%20poster.jpg,http://www.wikidata.org/entity/Q323445,http://www.wikidata.org/entity/Q323445,http://www.wikidata.org/entity/Q2421148,http://www.wikidata.org/entity/Q7154292,1954-06-30T00:00:00Z,1240000,10000000,,,Morris Winslow Ankrum
http://www.wikidata.org/entity/Q2522433,Bronco Apache,http://commons.wikimedia.org/wiki/Special:FilePath/Apache%20%28film%29%20poster.jpg,http://www.wikidata.org/entity/Q323445,http://www.wikidata.org/entity/Q160528,http://www.wikidata.org/entity/Q2421148,http://www.wikidata.org/entity/Q7154292,1954-01-01T00:00:00Z,1240000,10000000,,,Morris Winslow Ankrum
http://www.wikidata.org/entity/Q2522433,Bronco Apache,http://commons.wikimedia.org/wiki/Special:FilePath/Apache%20%28film%29%20poster.jpg,http://www.wikidata.org/entity/Q323445,http://www.wikidata.org/entity/Q160528,http://www.wikidata.org/entity/Q2421148,http://www.wikidata.org/entity/Q7154292,1954-10-15T00:00:00Z,1240000,10000000,,,Morris Winslow Ankrum
http://www.wikidata.org/entity/Q2522433,Bronco Apache,http://commons.wikimedia.org/wiki/Special:FilePath/Apache%20%28film%29%20poster.jpg,http://www.wikidata.org/entity/Q95133,http://www.wikidata.org/entity/Q160528,http://www.wikidata.org/entity/Q36105,http://www.wikidata.org/entity/Q7154292,1954-07-09T00:00:00Z,1240000,10000000,,,Charles Dennis Buchinsky
http://www.wikidata.org/entity/Q2522433,Bronco Apache,http://commons.wikimedia.org/wiki/Special:FilePath/Apache%20%28film%29%20poster.jpg,http://www.wikidata.org/entity/Q323445,http://www.wikidata.org/entity/Q323445,http://www.wikidata.org/entity/Q1655562,http://www.wikidata.org/entity/Q7154292,1954-06-30T00:00:00Z,1240000,10000000,,,Ulva Pippy
http://www.wikidata.org/entity/Q2522433,Bronco Apache,http://commons.wikimedia.org/wiki/Special:FilePath/Apache%20%28film%29%20poster.jpg,http://www.wikidata.org/entity/Q323445,http://www.wikidata.org/entity/Q160528,http://www.wikidata.org/entity/Q1655562,http://www.wikidata.org/entity/Q7154292,1954-01-01T00:00:00Z,1240000,10000000,,,Ulva Pippy
http://www.wikidata.org/entity/Q2522433,Bronco Apache,http://commons.wikimedia.org/wiki/Special:FilePath/Apache%20%28film%29%20poster.jpg,http://www.wikidata.org/entity/Q323445,http://www.wikidata.org/entity/Q160528,http://www.wikidata.org/entity/Q1655562,http://www.wikidata.org/entity/Q7154292,1954-10-15T00:00:00Z,1240000,10000000,,,Ulva Pippy
http://www.wikidata.org/entity/Q2522433,Bronco Apache,http://commons.wikimedia.org/wiki/Special:FilePath/Apache%20%28film%29%20poster.jpg,http://www.wikidata.org/entity/Q323445,http://www.wikidata.org/entity/Q323445,http://www.wikidata.org/entity/Q160528,http://www.wikidata.org/entity/Q7154292,1954-01-01T00:00:00Z,1240000,10000000,,,Burton Stephen Lancaster
http://www.wikidata.org/entity/Q2522433,Bronco Apache,http://commons.wikimedia.org/wiki/Special:FilePath/Apache%20%28film%29%20poster.jpg,http://www.wikidata.org/entity/Q323445,http://www.wikidata.org/entity/Q323445,http://www.wikidata.org/entity/Q160528,http://www.wikidata.org/entity/Q7154292,1954-10-15T00:00:00Z,1240000,10000000,,,Burton Stephen Lancaster
http://www.wikidata.org/entity/Q2522433,Bronco Apache,http://commons.wikimedia.org/wiki/Special:FilePath/Apache%20%28film%29%20poster.jpg,http://www.wikidata.org/entity/Q95133,http://www.wikidata.org/entity/Q160528,http://www.wikidata.org/entity/Q160528,http://www.wikidata.org/entity/Q7154292,1954-12-22T00:00:00Z,1240000,10000000,,,Burton Stephen Lancaster
http://www.wikidata.org/entity/Q2522433,Bronco Apache,http://commons.wikimedia.org/wiki/Special:FilePath/Apache%20%28film%29%20poster.jpg,http://www.wikidata.org/entity/Q323445,http://www.wikidata.org/entity/Q323445,http://www.wikidata.org/entity/Q2421148,http://www.wikidata.org/entity/Q7154292,1954-12-22T00:00:00Z,1240000,10000000,,,Morris Winslow Ankrum
http://www.wikidata.org/entity/Q2522433,Bronco Apache,http://commons.wikimedia.org/wiki/Special:FilePath/Apache%20%28film%29%20poster.jpg,http://www.wikidata.org/entity/Q95133,http://www.wikidata.org/entity/Q323445,http://www.wikidata.org/entity/Q36105,http://www.wikidata.org/entity/Q7154292,1954-01-01T00:00:00Z,1240000,10000000,,,Charles Dennis Buchinsky
http://www.wikidata.org/entity/Q2522433,Bronco Apache,http://commons.wikimedia.org/wiki/Special:FilePath/Apache%20%28film%29%20poster.jpg,http://www.wikidata.org/entity/Q95133,http://www.wikidata.org/entity/Q323445,http://www.wikidata.org/entity/Q36105,http://www.wikidata.org/entity/Q7154292,1954-10-15T00:00:00Z,1240000,10000000,,,Charles Dennis Buchinsky
http://www.wikidata.org/entity/Q2522433,Bronco Apache,http://commons.wikimedia.org/wiki/Special:FilePath/Apache%20%28film%29%20poster.jpg,http://www.wikidata.org/entity/Q323445,http://www.wikidata.org/entity/Q160528,http://www.wikidata.org/entity/Q2421148,http://www.wikidata.org/entity/Q7154292,1954-06-30T00:00:00Z,1240000,10000000,,,Morris Winslow Ankrum
http://www.wikidata.org/entity/Q2522433,Bronco Apache,http://commons.wikimedia.org/wiki/Special:FilePath/Apache%20%28film%29%20poster.jpg,http://www.wikidata.org/entity/Q323445,http://www.wikidata.org/entity/Q323445,http://www.wikidata.org/entity/Q36105,http://www.wikidata.org/entity/Q7154292,1954-12-23T00:00:00Z,1240000,10000000,,,Charles Dennis Buchinsky
http://www.wikidata.org/entity/Q2522433,Bronco Apache,http://commons.wikimedia.org/wiki/Special:FilePath/Apache%20%28film%29%20poster.jpg,http://www.wikidata.org/entity/Q95133,http://www.wikidata.org/entity/Q323445,http://www.wikidata.org/entity/Q2421148,http://www.wikidata.org/entity/Q7154292,1954-12-23T00:00:00Z,1240000,10000000,,,Morris Winslow Ankrum
http://www.wikidata.org/entity/Q2522433,Bronco Apache,http://commons.wikimedia.org/wiki/Special:FilePath/Apache%20%28film%29%20poster.jpg,http://www.wikidata.org/entity/Q323445,http://www.wikidata.org/entity/Q323445,http://www.wikidata.org/entity/Q1655562,http://www.wikidata.org/entity/Q7154292,1954-12-22T00:00:00Z,1240000,10000000,,,Ulva Pippy
http://www.wikidata.org/entity/Q2522433,Bronco Apache,http://commons.wikimedia.org/wiki/Special:FilePath/Apache%20%28film%29%20poster.jpg,http://www.wikidata.org/entity/Q323445,http://www.wikidata.org/entity/Q160528,http://www.wikidata.org/entity/Q1655562,http://www.wikidata.org/entity/Q7154292,1954-06-30T00:00:00Z,1240000,10000000,,,Ulva Pippy
http://www.wikidata.org/entity/Q2522433,Bronco Apache,http://commons.wikimedia.org/wiki/Special:FilePath/Apache%20%28film%29%20poster.jpg,http://www.wikidata.org/entity/Q323445,http://www.wikidata.org/entity/Q323445,http://www.wikidata.org/entity/Q160528,http://www.wikidata.org/entity/Q7154292,1954-06-30T00:00:00Z,1240000,10000000,,,Burton Stephen Lancaster
http://www.wikidata.org/entity/Q2522433,Bronco Apache,http://commons.wikimedia.org/wiki/Special:FilePath/Apache%20%28film%29%20poster.jpg,http://www.wikidata.org/entity/Q95133,http://www.wikidata.org/entity/Q323445,http://www.wikidata.org/entity/Q1655562,http://www.wikidata.org/entity/Q7154292,1954-12-23T00:00:00Z,1240000,10000000,,,Ulva Pippy
http://www.wikidata.org/entity/Q2522433,Bronco Apache,http://commons.wikimedia.org/wiki/Special:FilePath/Apache%20%28film%29%20poster.jpg,http://www.wikidata.org/entity/Q323445,http://www.wikidata.org/entity/Q160528,http://www.wikidata.org/entity/Q160528,http://www.wikidata.org/entity/Q7154292,1954-01-01T00:00:00Z,1240000,10000000,,,Burton Stephen Lancaster
http://www.wikidata.org/entity/Q2522433,Bronco Apache,http://commons.wikimedia.org/wiki/Special:FilePath/Apache%20%28film%29%20poster.jpg,http://www.wikidata.org/entity/Q323445,http://www.wikidata.org/entity/Q160528,http://www.wikidata.org/entity/Q160528,http://www.wikidata.org/entity/Q7154292,1954-10-15T00:00:00Z,1240000,10000000,,,Burton Stephen Lancaster
http://www.wikidata.org/entity/Q2522433,Bronco Apache,http://commons.wikimedia.org/wiki/Special:FilePath/Apache%20%28film%29%20poster.jpg,http://www.wikidata.org/entity/Q323445,http://www.wikidata.org/entity/Q323445,http://www.wikidata.org/entity/Q36105,http://www.wikidata.org/entity/Q7154292,1954-07-09T00:00:00Z,1240000,10000000,,,Charles Dennis Buchinsky
http://www.wikidata.org/entity/Q2522433,Bronco Apache,http://commons.wikimedia.org/wiki/Special:FilePath/Apache%20%28film%29%20poster.jpg,http://www.wikidata.org/entity/Q95133,http://www.wikidata.org/entity/Q323445,http://www.wikidata.org/entity/Q2421148,http://www.wikidata.org/entity/Q7154292,1954-07-09T00:00:00Z,1240000,10000000,,,Morris Winslow Ankrum
http://www.wikidata.org/entity/Q2522433,Bronco Apache,http://commons.wikimedia.org/wiki/Special:FilePath/Apache%20%28film%29%20poster.jpg,http://www.wikidata.org/entity/Q95133,http://www.wikidata.org/entity/Q323445,http://www.wikidata.org/entity/Q36105,http://www.wikidata.org/entity/Q7154292,1954-06-30T00:00:00Z,1240000,10000000,,,Charles Dennis Buchinsky
http://www.wikidata.org/entity/Q2522433,Bronco Apache,http://commons.wikimedia.org/wiki/Special:FilePath/Apache%20%28film%29%20poster.jpg,http://www.wikidata.org/entity/Q323445,http://www.wikidata.org/entity/Q160528,http://www.wikidata.org/entity/Q2421148,http://www.wikidata.org/entity/Q7154292,1954-12-22T00:00:00Z,1240000,10000000,,,Morris Winslow Ankrum
http://www.wikidata.org/entity/Q2522433,Bronco Apache,http://commons.wikimedia.org/wiki/Special:FilePath/Apache%20%28film%29%20poster.jpg,http://www.wikidata.org/entity/Q95133,http://www.wikidata.org/entity/Q160528,http://www.wikidata.org/entity/Q36105,http://www.wikidata.org/entity/Q7154292,1954-01-01T00:00:00Z,1240000,10000000,,,Charles Dennis Buchinsky
http://www.wikidata.org/entity/Q2522433,Bronco Apache,http://commons.wikimedia.org/wiki/Special:FilePath/Apache%20%28film%29%20poster.jpg,http://www.wikidata.org/entity/Q95133,http://www.wikidata.org/entity/Q160528,http://www.wikidata.org/entity/Q36105,http://www.wikidata.org/entity/Q7154292,1954-10-15T00:00:00Z,1240000,10000000,,,Charles Dennis Buchinsky
http://www.wikidata.org/entity/Q2522433,Bronco Apache,http://commons.wikimedia.org/wiki/Special:FilePath/Apache%20%28film%29%20poster.jpg,http://www.wikidata.org/entity/Q95133,http://www.wikidata.org/entity/Q323445,http://www.wikidata.org/entity/Q1655562,http://www.wikidata.org/entity/Q7154292,1954-07-09T00:00:00Z,1240000,10000000,,,Ulva Pippy
http://www.wikidata.org/entity/Q2522433,Bronco Apache,http://commons.wikimedia.org/wiki/Special:FilePath/Apache%20%28film%29%20poster.jpg,http://www.wikidata.org/entity/Q323445,http://www.wikidata.org/entity/Q160528,http://www.wikidata.org/entity/Q36105,http://www.wikidata.org/entity/Q7154292,1954-12-23T00:00:00Z,1240000,10000000,,,Charles Dennis Buchinsky
http://www.wikidata.org/entity/Q2522433,Bronco Apache,http://commons.wikimedia.org/wiki/Special:FilePath/Apache%20%28film%29%20poster.jpg,http://www.wikidata.org/entity/Q95133,http://www.wikidata.org/entity/Q160528,http://www.wikidata.org/entity/Q2421148,http://www.wikidata.org/entity/Q7154292,1954-12-23T00:00:00Z,1240000,10000000,,,Morris Winslow Ankrum
http://www.wikidata.org/entity/Q2522433,Bronco Apache,http://commons.wikimedia.org/wiki/Special:FilePath/Apache%20%28film%29%20poster.jpg,http://www.wikidata.org/entity/Q323445,http://www.wikidata.org/entity/Q160528,http://www.wikidata.org/entity/Q1655562,http://www.wikidata.org/entity/Q7154292,1954-12-22T00:00:00Z,1240000,10000000,,,Ulva Pippy
http://www.wikidata.org/entity/Q2522433,Bronco Apache,http://commons.wikimedia.org/wiki/Special:FilePath/Apache%20%28film%29%20poster.jpg,http://www.wikidata.org/entity/Q323445,http://www.wikidata.org/entity/Q323445,http://www.wikidata.org/entity/Q160528,http://www.wikidata.org/entity/Q7154292,1954-12-22T00:00:00Z,1240000,10000000,,,Burton Stephen Lancaster
http://www.wikidata.org/entity/Q2522433,Bronco Apache,http://commons.wikimedia.org/wiki/Special:FilePath/Apache%20%28film%29%20poster.jpg,http://www.wikidata.org/entity/Q323445,http://www.wikidata.org/entity/Q160528,http://www.wikidata.org/entity/Q160528,http://www.wikidata.org/entity/Q7154292,1954-06-30T00:00:00Z,1240000,10000000,,,Burton Stephen Lancaster
http://www.wikidata.org/entity/Q2522433,Bronco Apache,http://commons.wikimedia.org/wiki/Special:FilePath/Apache%20%28film%29%20poster.jpg,http://www.wikidata.org/entity/Q95133,http://www.wikidata.org/entity/Q160528,http://www.wikidata.org/entity/Q1655562,http://www.wikidata.org/entity/Q7154292,1954-12-23T00:00:00Z,1240000,10000000,,,Ulva Pippy
http://www.wikidata.org/entity/Q2522433,Bronco Apache,http://commons.wikimedia.org/wiki/Special:FilePath/Apache%20%28film%29%20poster.jpg,http://www.wikidata.org/entity/Q95133,http://www.wikidata.org/entity/Q323445,http://www.wikidata.org/entity/Q160528,http://www.wikidata.org/entity/Q7154292,1954-12-23T00:00:00Z,1240000,10000000,,,Burton Stephen Lancaster
http://www.wikidata.org/entity/Q2522433,Bronco Apache,http://commons.wikimedia.org/wiki/Special:FilePath/Apache%20%28film%29%20poster.jpg,http://www.wikidata.org/entity/Q323445,http://www.wikidata.org/entity/Q160528,http://www.wikidata.org/entity/Q36105,http://www.wikidata.org/entity/Q7154292,1954-07-09T00:00:00Z,1240000,10000000,,,Charles Dennis Buchinsky
http://www.wikidata.org/entity/Q2522433,Bronco Apache,http://commons.wikimedia.org/wiki/Special:FilePath/Apache%20%28film%29%20poster.jpg,http://www.wikidata.org/entity/Q95133,http://www.wikidata.org/entity/Q160528,http://www.wikidata.org/entity/Q2421148,http://www.wikidata.org/entity/Q7154292,1954-07-09T00:00:00Z,1240000,10000000,,,Morris Winslow Ankrum
http://www.wikidata.org/entity/Q2522433,Bronco Apache,http://commons.wikimedia.org/wiki/Special:FilePath/Apache%20%28film%29%20poster.jpg,http://www.wikidata.org/entity/Q95133,http://www.wikidata.org/entity/Q323445,http://www.wikidata.org/entity/Q36105,http://www.wikidata.org/entity/Q7154292,1954-12-22T00:00:00Z,1240000,10000000,,,Charles Dennis Buchinsky
http://www.wikidata.org/entity/Q2522433,Bronco Apache,http://commons.wikimedia.org/wiki/Special:FilePath/Apache%20%28film%29%20poster.jpg,http://www.wikidata.org/entity/Q95133,http://www.wikidata.org/entity/Q160528,http://www.wikidata.org/entity/Q36105,http://www.wikidata.org/entity/Q7154292,1954-06-30T00:00:00Z,1240000,10000000,,,Charles Dennis Buchinsky
http://www.wikidata.org/entity/Q2522433,Bronco Apache,http://commons.wikimedia.org/wiki/Special:FilePath/Apache%20%28film%29%20poster.jpg,http://www.wikidata.org/entity/Q95133,http://www.wikidata.org/entity/Q160528,http://www.wikidata.org/entity/Q1655562,http://www.wikidata.org/entity/Q7154292,1954-07-09T00:00:00Z,1240000,10000000,,,Ulva Pippy
http://www.wikidata.org/entity/Q2522433,Bronco Apache,http://commons.wikimedia.org/wiki/Special:FilePath/Apache%20%28film%29%20poster.jpg,http://www.wikidata.org/entity/Q95133,http://www.wikidata.org/entity/Q323445,http://www.wikidata.org/entity/Q160528,http://www.wikidata.org/entity/Q7154292,1954-07-09T00:00:00Z,1240000,10000000,,,Burton Stephen Lancaster
http://www.wikidata.org/entity/Q2522433,Bronco Apache,http://commons.wikimedia.org/wiki/Special:FilePath/Apache%20%28film%29%20poster.jpg,http://www.wikidata.org/entity/Q323445,http://www.wikidata.org/entity/Q160528,http://www.wikidata.org/entity/Q160528,http://www.wikidata.org/entity/Q7154292,1954-12-22T00:00:00Z,1240000,10000000,,,Burton Stephen Lancaster
http://www.wikidata.org/entity/Q2522433,Bronco Apache,http://commons.wikimedia.org/wiki/Special:FilePath/Apache%20%28film%29%20poster.jpg,http://www.wikidata.org/entity/Q323445,http://www.wikidata.org/entity/Q323445,http://www.wikidata.org/entity/Q36105,http://www.wikidata.org/entity/Q7154292,1954-01-01T00:00:00Z,1240000,10000000,,,Charles Dennis Buchinsky
